,season,team,strength,TOI,goals,goals_against
0,2016,Pittsburgh Penguins,"(5, 5)",72987,53,45
1,2016,Pittsburgh Penguins,"(5, 4)",7344,15,0
2,2016,Pittsburgh Penguins,"(4, 5)",6876,2,10
3,2016,Pittsburgh Penguins,"(4, 4)",1532,3,0
4,2016,Pittsburgh Penguins,"(3, 3)",0,0,0
5,2016,Pittsburgh Penguins,"(4, 3)",0,0,0
6,2016,Pittsburgh Penguins,"(3, 4)",62,0,0
7,2016,Pittsburgh Penguins,"(5, 3)",224,1,0
8,2016,Pittsburgh Penguins,"(3, 5)",166,0,2
9,2016,Seattle Kraken,"(5, 5)",0,0,0
10,2016,Seattle Kraken,"(5, 4)",0,0,0
11,2016,Seattle Kraken,"(4, 5)",0,0,0
12,2016,Seattle Kraken,"(4, 4)",0,0,0
13,2016,Seattle Kraken,"(3, 3)",0,0,0
14,2016,Seattle Kraken,"(4, 3)",0,0,0
15,2016,Seattle Kraken,"(3, 4)",0,0,0
16,2016,Seattle Kraken,"(5, 3)",0,0,0
17,2016,Seattle Kraken,"(3, 5)",0,0,0
18,2016,Montréal Canadiens,"(5, 5)",19695,8,12
19,2016,Montréal Canadiens,"(5, 4)",2182,3,1
20,2016,Montréal Canadiens,"(4, 5)",1464,0,1
21,2016,Montréal Canadiens,"(4, 4)",165,0,0
22,2016,Montréal Canadiens,"(3, 3)",0,0,0
23,2016,Montréal Canadiens,"(4, 3)",0,0,0
24,2016,Montréal Canadiens,"(3, 4)",8,0,0
25,2016,Montréal Canadiens,"(5, 3)",4,0,0
26,2016,Montréal Canadiens,"(3, 5)",58,0,0
27,2016,New York Rangers,"(5, 5)",38558,28,23
28,2016,New York Rangers,"(5, 4)",3598,3,0
29,2016,New York Rangers,"(4, 5)",3947,3,4
30,2016,New York Rangers,"(4, 4)",742,0,2
31,2016,New York Rangers,"(3, 3)",0,0,0
32,2016,New York Rangers,"(4, 3)",8,0,0
33,2016,New York Rangers,"(3, 4)",0,0,0
34,2016,New York Rangers,"(5, 3)",81,0,0
35,2016,New York Rangers,"(3, 5)",4,0,0
36,2016,Chicago Blackhawks,"(5, 5)",13384,1,12
37,2016,Chicago Blackhawks,"(5, 4)",907,2,0
38,2016,Chicago Blackhawks,"(4, 5)",873,0,1
39,2016,Chicago Blackhawks,"(4, 4)",240,0,0
40,2016,Chicago Blackhawks,"(3, 3)",0,0,0
41,2016,Chicago Blackhawks,"(4, 3)",0,0,0
42,2016,Chicago Blackhawks,"(3, 4)",0,0,0
43,2016,Chicago Blackhawks,"(5, 3)",0,0,0
44,2016,Chicago Blackhawks,"(3, 5)",0,0,0
45,2016,Vancouver Canucks,"(5, 5)",0,0,0
46,2016,Vancouver Canucks,"(5, 4)",0,0,0
47,2016,Vancouver Canucks,"(4, 5)",0,0,0
48,2016,Vancouver Canucks,"(4, 4)",0,0,0
49,2016,Vancouver Canucks,"(3, 3)",0,0,0
50,2016,Vancouver Canucks,"(4, 3)",0,0,0
51,2016,Vancouver Canucks,"(3, 4)",0,0,0
52,2016,Vancouver Canucks,"(5, 3)",0,0,0
53,2016,Vancouver Canucks,"(3, 5)",0,0,0
54,2016,Toronto Maple Leafs,"(5, 5)",20472,12,12
55,2016,Toronto Maple Leafs,"(5, 4)",1665,3,0
56,2016,Toronto Maple Leafs,"(4, 5)",1219,0,5
57,2016,Toronto Maple Leafs,"(4, 4)",698,0,1
58,2016,Toronto Maple Leafs,"(3, 3)",0,0,0
59,2016,Toronto Maple Leafs,"(4, 3)",0,0,0
60,2016,Toronto Maple Leafs,"(3, 4)",0,0,0
61,2016,Toronto Maple Leafs,"(5, 3)",116,0,0
62,2016,Toronto Maple Leafs,"(3, 5)",210,0,0
63,2016,Tampa Bay Lightning,"(5, 5)",0,0,0
64,2016,Tampa Bay Lightning,"(5, 4)",0,0,0
65,2016,Tampa Bay Lightning,"(4, 5)",0,0,0
66,2016,Tampa Bay Lightning,"(4, 4)",0,0,0
67,2016,Tampa Bay Lightning,"(3, 3)",0,0,0
68,2016,Tampa Bay Lightning,"(4, 3)",0,0,0
69,2016,Tampa Bay Lightning,"(3, 4)",0,0,0
70,2016,Tampa Bay Lightning,"(5, 3)",0,0,0
71,2016,Tampa Bay Lightning,"(3, 5)",0,0,0
72,2016,Dallas Stars,"(5, 5)",0,0,0
73,2016,Dallas Stars,"(5, 4)",0,0,0
74,2016,Dallas Stars,"(4, 5)",0,0,0
75,2016,Dallas Stars,"(4, 4)",0,0,0
76,2016,Dallas Stars,"(3, 3)",0,0,0
77,2016,Dallas Stars,"(4, 3)",0,0,0
78,2016,Dallas Stars,"(3, 4)",0,0,0
79,2016,Dallas Stars,"(5, 3)",0,0,0
80,2016,Dallas Stars,"(3, 5)",0,0,0
81,2016,New York Islanders,"(5, 5)",0,0,0
82,2016,New York Islanders,"(5, 4)",0,0,0
83,2016,New York Islanders,"(4, 5)",0,0,0
84,2016,New York Islanders,"(4, 4)",0,0,0
85,2016,New York Islanders,"(3, 3)",0,0,0
86,2016,New York Islanders,"(4, 3)",0,0,0
87,2016,New York Islanders,"(3, 4)",0,0,0
88,2016,New York Islanders,"(5, 3)",0,0,0
89,2016,New York Islanders,"(3, 5)",0,0,0
90,2016,Arizona Coyotes,"(5, 5)",0,0,0
91,2016,Arizona Coyotes,"(5, 4)",0,0,0
92,2016,Arizona Coyotes,"(4, 5)",0,0,0
93,2016,Arizona Coyotes,"(4, 4)",0,0,0
94,2016,Arizona Coyotes,"(3, 3)",0,0,0
95,2016,Arizona Coyotes,"(4, 3)",0,0,0
96,2016,Arizona Coyotes,"(3, 4)",0,0,0
97,2016,Arizona Coyotes,"(5, 3)",0,0,0
98,2016,Arizona Coyotes,"(3, 5)",0,0,0
99,2016,Winnipeg Jets,"(5, 5)",0,0,0
100,2016,Winnipeg Jets,"(5, 4)",0,0,0
101,2016,Winnipeg Jets,"(4, 5)",0,0,0
102,2016,Winnipeg Jets,"(4, 4)",0,0,0
103,2016,Winnipeg Jets,"(3, 3)",0,0,0
104,2016,Winnipeg Jets,"(4, 3)",0,0,0
105,2016,Winnipeg Jets,"(3, 4)",0,0,0
106,2016,Winnipeg Jets,"(5, 3)",0,0,0
107,2016,Winnipeg Jets,"(3, 5)",0,0,0
108,2016,Vegas Golden Knights,"(5, 5)",0,0,0
109,2016,Vegas Golden Knights,"(5, 4)",0,0,0
110,2016,Vegas Golden Knights,"(4, 5)",0,0,0
111,2016,Vegas Golden Knights,"(4, 4)",0,0,0
112,2016,Vegas Golden Knights,"(3, 3)",0,0,0
113,2016,Vegas Golden Knights,"(4, 3)",0,0,0
114,2016,Vegas Golden Knights,"(3, 4)",0,0,0
115,2016,Vegas Golden Knights,"(5, 3)",0,0,0
116,2016,Vegas Golden Knights,"(3, 5)",0,0,0
117,2016,Minnesota Wild,"(5, 5)",15869,5,9
118,2016,Minnesota Wild,"(5, 4)",1765,2,0
119,2016,Minnesota Wild,"(4, 5)",1523,0,1
120,2016,Minnesota Wild,"(4, 4)",454,0,1
121,2016,Minnesota Wild,"(3, 3)",0,0,0
122,2016,Minnesota Wild,"(4, 3)",0,0,0
123,2016,Minnesota Wild,"(3, 4)",0,0,0
124,2016,Minnesota Wild,"(5, 3)",34,1,0
125,2016,Minnesota Wild,"(3, 5)",5,0,0
126,2016,Ottawa Senators,"(5, 5)",61322,37,34
127,2016,Ottawa Senators,"(5, 4)",6034,6,3
128,2016,Ottawa Senators,"(4, 5)",5365,0,11
129,2016,Ottawa Senators,"(4, 4)",1788,2,0
130,2016,Ottawa Senators,"(3, 3)",0,0,0
131,2016,Ottawa Senators,"(4, 3)",0,0,0
132,2016,Ottawa Senators,"(3, 4)",0,0,0
133,2016,Ottawa Senators,"(5, 3)",54,1,0
134,2016,Ottawa Senators,"(3, 5)",78,0,0
135,2016,Carolina Hurricanes,"(5, 5)",0,0,0
136,2016,Carolina Hurricanes,"(5, 4)",0,0,0
137,2016,Carolina Hurricanes,"(4, 5)",0,0,0
138,2016,Carolina Hurricanes,"(4, 4)",0,0,0
139,2016,Carolina Hurricanes,"(3, 3)",0,0,0
140,2016,Carolina Hurricanes,"(4, 3)",0,0,0
141,2016,Carolina Hurricanes,"(3, 4)",0,0,0
142,2016,Carolina Hurricanes,"(5, 3)",0,0,0
143,2016,Carolina Hurricanes,"(3, 5)",0,0,0
144,2016,St. Louis Blues,"(5, 5)",33563,19,16
145,2016,St. Louis Blues,"(5, 4)",3105,2,0
146,2016,St. Louis Blues,"(4, 5)",3224,0,5
147,2016,St. Louis Blues,"(4, 4)",978,1,0
148,2016,St. Louis Blues,"(3, 3)",0,0,0
149,2016,St. Louis Blues,"(4, 3)",0,0,0
150,2016,St. Louis Blues,"(3, 4)",134,0,0
151,2016,St. Louis Blues,"(5, 3)",115,0,0
152,2016,St. Louis Blues,"(3, 5)",131,0,2
153,2016,Calgary Flames,"(5, 5)",11581,2,10
154,2016,Calgary Flames,"(5, 4)",1284,6,0
155,2016,Calgary Flames,"(4, 5)",1292,1,3
156,2016,Calgary Flames,"(4, 4)",240,0,1
157,2016,Calgary Flames,"(3, 3)",0,0,0
158,2016,Calgary Flames,"(4, 3)",0,0,0
159,2016,Calgary Flames,"(3, 4)",0,0,0
160,2016,Calgary Flames,"(5, 3)",73,0,0
161,2016,Calgary Flames,"(3, 5)",20,0,0
162,2016,Anaheim Ducks,"(5, 5)",51579,41,35
163,2016,Anaheim Ducks,"(5, 4)",5511,7,1
164,2016,Anaheim Ducks,"(4, 5)",5774,0,13
165,2016,Anaheim Ducks,"(4, 4)",807,1,1
166,2016,Anaheim Ducks,"(3, 3)",0,0,0
167,2016,Anaheim Ducks,"(4, 3)",0,0,0
168,2016,Anaheim Ducks,"(3, 4)",0,0,0
169,2016,Anaheim Ducks,"(5, 3)",28,0,0
170,2016,Anaheim Ducks,"(3, 5)",442,0,2
171,2016,San Jose Sharks,"(5, 5)",18214,8,8
172,2016,San Jose Sharks,"(5, 4)",2720,5,2
173,2016,San Jose Sharks,"(4, 5)",1617,0,2
174,2016,San Jose Sharks,"(4, 4)",281,1,0
175,2016,San Jose Sharks,"(3, 3)",0,0,0
176,2016,San Jose Sharks,"(4, 3)",0,0,0
177,2016,San Jose Sharks,"(3, 4)",0,0,0
178,2016,San Jose Sharks,"(5, 3)",64,0,0
179,2016,San Jose Sharks,"(3, 5)",1,0,0
180,2016,Columbus Blue Jackets,"(5, 5)",15982,11,15
181,2016,Columbus Blue Jackets,"(5, 4)",1229,2,1
182,2016,Columbus Blue Jackets,"(4, 5)",1413,0,5
183,2016,Columbus Blue Jackets,"(4, 4)",166,0,0
184,2016,Columbus Blue Jackets,"(3, 3)",0,0,0
185,2016,Columbus Blue Jackets,"(4, 3)",0,0,0
186,2016,Columbus Blue Jackets,"(3, 4)",0,0,0
187,2016,Columbus Blue Jackets,"(5, 3)",0,0,0
188,2016,Columbus Blue Jackets,"(3, 5)",0,0,0
189,2016,Florida Panthers,"(5, 5)",0,0,0
190,2016,Florida Panthers,"(5, 4)",0,0,0
191,2016,Florida Panthers,"(4, 5)",0,0,0
192,2016,Florida Panthers,"(4, 4)",0,0,0
193,2016,Florida Panthers,"(3, 3)",0,0,0
194,2016,Florida Panthers,"(4, 3)",0,0,0
195,2016,Florida Panthers,"(3, 4)",0,0,0
196,2016,Florida Panthers,"(5, 3)",0,0,0
197,2016,Florida Panthers,"(3, 5)",0,0,0
198,2016,Colorado Avalanche,"(5, 5)",0,0,0
199,2016,Colorado Avalanche,"(5, 4)",0,0,0
200,2016,Colorado Avalanche,"(4, 5)",0,0,0
201,2016,Colorado Avalanche,"(4, 4)",0,0,0
202,2016,Colorado Avalanche,"(3, 3)",0,0,0
203,2016,Colorado Avalanche,"(4, 3)",0,0,0
204,2016,Colorado Avalanche,"(3, 4)",0,0,0
205,2016,Colorado Avalanche,"(5, 3)",0,0,0
206,2016,Colorado Avalanche,"(3, 5)",0,0,0
207,2016,Los Angeles Kings,"(5, 5)",0,0,0
208,2016,Los Angeles Kings,"(5, 4)",0,0,0
209,2016,Los Angeles Kings,"(4, 5)",0,0,0
210,2016,Los Angeles Kings,"(4, 4)",0,0,0
211,2016,Los Angeles Kings,"(3, 3)",0,0,0
212,2016,Los Angeles Kings,"(4, 3)",0,0,0
213,2016,Los Angeles Kings,"(3, 4)",0,0,0
214,2016,Los Angeles Kings,"(5, 3)",0,0,0
215,2016,Los Angeles Kings,"(3, 5)",0,0,0
216,2016,Boston Bruins,"(5, 5)",19938,8,10
217,2016,Boston Bruins,"(5, 4)",1396,3,0
218,2016,Boston Bruins,"(4, 5)",2192,1,5
219,2016,Boston Bruins,"(4, 4)",735,0,0
220,2016,Boston Bruins,"(3, 3)",0,0,0
221,2016,Boston Bruins,"(4, 3)",0,0,0
222,2016,Boston Bruins,"(3, 4)",0,0,0
223,2016,Boston Bruins,"(5, 3)",10,0,0
224,2016,Boston Bruins,"(3, 5)",0,0,0
225,2016,Washington Capitals,"(5, 5)",40632,25,26
226,2016,Washington Capitals,"(5, 4)",3572,9,1
227,2016,Washington Capitals,"(4, 5)",3932,0,6
228,2016,Washington Capitals,"(4, 4)",1257,1,2
229,2016,Washington Capitals,"(3, 3)",0,0,0
230,2016,Washington Capitals,"(4, 3)",0,0,0
231,2016,Washington Capitals,"(3, 4)",0,0,0
232,2016,Washington Capitals,"(5, 3)",264,1,0
233,2016,Washington Capitals,"(3, 5)",116,0,0
234,2016,Edmonton Oilers,"(5, 5)",39841,24,26
235,2016,Edmonton Oilers,"(5, 4)",3928,7,0
236,2016,Edmonton Oilers,"(4, 5)",5121,2,7
237,2016,Edmonton Oilers,"(4, 4)",605,1,1
238,2016,Edmonton Oilers,"(3, 3)",0,0,0
239,2016,Edmonton Oilers,"(4, 3)",0,0,0
240,2016,Edmonton Oilers,"(3, 4)",0,0,0
241,2016,Edmonton Oilers,"(5, 3)",192,2,0
242,2016,Edmonton Oilers,"(3, 5)",72,0,0
243,2016,Detroit Red Wings,"(5, 5)",0,0,0
244,2016,Detroit Red Wings,"(5, 4)",0,0,0
245,2016,Detroit Red Wings,"(4, 5)",0,0,0
246,2016,Detroit Red Wings,"(4, 4)",0,0,0
247,2016,Detroit Red Wings,"(3, 3)",0,0,0
248,2016,Detroit Red Wings,"(4, 3)",0,0,0
249,2016,Detroit Red Wings,"(3, 4)",0,0,0
250,2016,Detroit Red Wings,"(5, 3)",0,0,0
251,2016,Detroit Red Wings,"(3, 5)",0,0,0
252,2016,Buffalo Sabres,"(5, 5)",0,0,0
253,2016,Buffalo Sabres,"(5, 4)",0,0,0
254,2016,Buffalo Sabres,"(4, 5)",0,0,0
255,2016,Buffalo Sabres,"(4, 4)",0,0,0
256,2016,Buffalo Sabres,"(3, 3)",0,0,0
257,2016,Buffalo Sabres,"(4, 3)",0,0,0
258,2016,Buffalo Sabres,"(3, 4)",0,0,0
259,2016,Buffalo Sabres,"(5, 3)",0,0,0
260,2016,Buffalo Sabres,"(3, 5)",0,0,0
261,2016,Nashville Predators,"(5, 5)",63773,49,38
262,2016,Nashville Predators,"(5, 4)",5728,10,0
263,2016,Nashville Predators,"(4, 5)",6136,0,6
264,2016,Nashville Predators,"(4, 4)",1338,0,1
265,2016,Nashville Predators,"(3, 3)",0,0,0
266,2016,Nashville Predators,"(4, 3)",196,0,0
267,2016,Nashville Predators,"(3, 4)",0,0,0
268,2016,Nashville Predators,"(5, 3)",333,1,0
269,2016,Nashville Predators,"(3, 5)",289,0,1
270,2016,Philadelphia Flyers,"(5, 5)",0,0,0
271,2016,Philadelphia Flyers,"(5, 4)",0,0,0
272,2016,Philadelphia Flyers,"(4, 5)",0,0,0
273,2016,Philadelphia Flyers,"(4, 4)",0,0,0
274,2016,Philadelphia Flyers,"(3, 3)",0,0,0
275,2016,Philadelphia Flyers,"(4, 3)",0,0,0
276,2016,Philadelphia Flyers,"(3, 4)",0,0,0
277,2016,Philadelphia Flyers,"(5, 3)",0,0,0
278,2016,Philadelphia Flyers,"(3, 5)",0,0,0
279,2016,New Jersey Devils,"(5, 5)",0,0,0
280,2016,New Jersey Devils,"(5, 4)",0,0,0
281,2016,New Jersey Devils,"(4, 5)",0,0,0
282,2016,New Jersey Devils,"(4, 4)",0,0,0
283,2016,New Jersey Devils,"(3, 3)",0,0,0
284,2016,New Jersey Devils,"(4, 3)",0,0,0
285,2016,New Jersey Devils,"(3, 4)",0,0,0
286,2016,New Jersey Devils,"(5, 3)",0,0,0
287,2016,New Jersey Devils,"(3, 5)",0,0,0
288,2017,Pittsburgh Penguins,"(5, 5)",37589,31,27
289,2017,Pittsburgh Penguins,"(5, 4)",4117,9,1
290,2017,Pittsburgh Penguins,"(4, 5)",3991,0,6
291,2017,Pittsburgh Penguins,"(4, 4)",1162,3,0
292,2017,Pittsburgh Penguins,"(3, 3)",0,0,0
293,2017,Pittsburgh Penguins,"(4, 3)",148,1,0
294,2017,Pittsburgh Penguins,"(3, 4)",88,0,0
295,2017,Pittsburgh Penguins,"(5, 3)",0,0,0
296,2017,Pittsburgh Penguins,"(3, 5)",32,0,0
297,2017,Seattle Kraken,"(5, 5)",0,0,0
298,2017,Seattle Kraken,"(5, 4)",0,0,0
299,2017,Seattle Kraken,"(4, 5)",0,0,0
300,2017,Seattle Kraken,"(4, 4)",0,0,0
301,2017,Seattle Kraken,"(3, 3)",0,0,0
302,2017,Seattle Kraken,"(4, 3)",0,0,0
303,2017,Seattle Kraken,"(3, 4)",0,0,0
304,2017,Seattle Kraken,"(5, 3)",0,0,0
305,2017,Seattle Kraken,"(3, 5)",0,0,0
306,2017,Montréal Canadiens,"(5, 5)",0,0,0
307,2017,Montréal Canadiens,"(5, 4)",0,0,0
308,2017,Montréal Canadiens,"(4, 5)",0,0,0
309,2017,Montréal Canadiens,"(4, 4)",0,0,0
310,2017,Montréal Canadiens,"(3, 3)",0,0,0
311,2017,Montréal Canadiens,"(4, 3)",0,0,0
312,2017,Montréal Canadiens,"(3, 4)",0,0,0
313,2017,Montréal Canadiens,"(5, 3)",0,0,0
314,2017,Montréal Canadiens,"(3, 5)",0,0,0
315,2017,New York Rangers,"(5, 5)",0,0,0
316,2017,New York Rangers,"(5, 4)",0,0,0
317,2017,New York Rangers,"(4, 5)",0,0,0
318,2017,New York Rangers,"(4, 4)",0,0,0
319,2017,New York Rangers,"(3, 3)",0,0,0
320,2017,New York Rangers,"(4, 3)",0,0,0
321,2017,New York Rangers,"(3, 4)",0,0,0
322,2017,New York Rangers,"(5, 3)",0,0,0
323,2017,New York Rangers,"(3, 5)",0,0,0
324,2017,Chicago Blackhawks,"(5, 5)",0,0,0
325,2017,Chicago Blackhawks,"(5, 4)",0,0,0
326,2017,Chicago Blackhawks,"(4, 5)",0,0,0
327,2017,Chicago Blackhawks,"(4, 4)",0,0,0
328,2017,Chicago Blackhawks,"(3, 3)",0,0,0
329,2017,Chicago Blackhawks,"(4, 3)",0,0,0
330,2017,Chicago Blackhawks,"(3, 4)",0,0,0
331,2017,Chicago Blackhawks,"(5, 3)",0,0,0
332,2017,Chicago Blackhawks,"(3, 5)",0,0,0
333,2017,Vancouver Canucks,"(5, 5)",0,0,0
334,2017,Vancouver Canucks,"(5, 4)",0,0,0
335,2017,Vancouver Canucks,"(4, 5)",0,0,0
336,2017,Vancouver Canucks,"(4, 4)",0,0,0
337,2017,Vancouver Canucks,"(3, 3)",0,0,0
338,2017,Vancouver Canucks,"(4, 3)",0,0,0
339,2017,Vancouver Canucks,"(3, 4)",0,0,0
340,2017,Vancouver Canucks,"(5, 3)",0,0,0
341,2017,Vancouver Canucks,"(3, 5)",0,0,0
342,2017,Toronto Maple Leafs,"(5, 5)",21159,15,19
343,2017,Toronto Maple Leafs,"(5, 4)",1449,4,0
344,2017,Toronto Maple Leafs,"(4, 5)",2019,1,7
345,2017,Toronto Maple Leafs,"(4, 4)",443,0,2
346,2017,Toronto Maple Leafs,"(3, 3)",0,0,0
347,2017,Toronto Maple Leafs,"(4, 3)",37,0,0
348,2017,Toronto Maple Leafs,"(3, 4)",0,0,0
349,2017,Toronto Maple Leafs,"(5, 3)",0,0,0
350,2017,Toronto Maple Leafs,"(3, 5)",93,0,0
351,2017,Tampa Bay Lightning,"(5, 5)",50738,33,34
352,2017,Tampa Bay Lightning,"(5, 4)",5459,16,2
353,2017,Tampa Bay Lightning,"(4, 5)",4113,0,10
354,2017,Tampa Bay Lightning,"(4, 4)",769,1,0
355,2017,Tampa Bay Lightning,"(3, 3)",0,0,0
356,2017,Tampa Bay Lightning,"(4, 3)",104,0,0
357,2017,Tampa Bay Lightning,"(3, 4)",0,0,0
358,2017,Tampa Bay Lightning,"(5, 3)",19,0,0
359,2017,Tampa Bay Lightning,"(3, 5)",196,0,2
360,2017,Dallas Stars,"(5, 5)",0,0,0
361,2017,Dallas Stars,"(5, 4)",0,0,0
362,2017,Dallas Stars,"(4, 5)",0,0,0
363,2017,Dallas Stars,"(4, 4)",0,0,0
364,2017,Dallas Stars,"(3, 3)",0,0,0
365,2017,Dallas Stars,"(4, 3)",0,0,0
366,2017,Dallas Stars,"(3, 4)",0,0,0
367,2017,Dallas Stars,"(5, 3)",0,0,0
368,2017,Dallas Stars,"(3, 5)",0,0,0
369,2017,New York Islanders,"(5, 5)",0,0,0
370,2017,New York Islanders,"(5, 4)",0,0,0
371,2017,New York Islanders,"(4, 5)",0,0,0
372,2017,New York Islanders,"(4, 4)",0,0,0
373,2017,New York Islanders,"(3, 3)",0,0,0
374,2017,New York Islanders,"(4, 3)",0,0,0
375,2017,New York Islanders,"(3, 4)",0,0,0
376,2017,New York Islanders,"(5, 3)",0,0,0
377,2017,New York Islanders,"(3, 5)",0,0,0
378,2017,Arizona Coyotes,"(5, 5)",0,0,0
379,2017,Arizona Coyotes,"(5, 4)",0,0,0
380,2017,Arizona Coyotes,"(4, 5)",0,0,0
381,2017,Arizona Coyotes,"(4, 4)",0,0,0
382,2017,Arizona Coyotes,"(3, 3)",0,0,0
383,2017,Arizona Coyotes,"(4, 3)",0,0,0
384,2017,Arizona Coyotes,"(3, 4)",0,0,0
385,2017,Arizona Coyotes,"(5, 3)",0,0,0
386,2017,Arizona Coyotes,"(3, 5)",0,0,0
387,2017,Winnipeg Jets,"(5, 5)",53330,38,30
388,2017,Winnipeg Jets,"(5, 4)",4731,12,1
389,2017,Winnipeg Jets,"(4, 5)",3970,0,10
390,2017,Winnipeg Jets,"(4, 4)",626,3,0
391,2017,Winnipeg Jets,"(3, 3)",0,0,0
392,2017,Winnipeg Jets,"(4, 3)",0,0,0
393,2017,Winnipeg Jets,"(3, 4)",0,0,0
394,2017,Winnipeg Jets,"(5, 3)",0,0,0
395,2017,Winnipeg Jets,"(3, 5)",80,0,0
396,2017,Vegas Golden Knights,"(5, 5)",58010,41,25
397,2017,Vegas Golden Knights,"(5, 4)",6139,10,0
398,2017,Vegas Golden Knights,"(4, 5)",6537,0,12
399,2017,Vegas Golden Knights,"(4, 4)",1476,1,4
400,2017,Vegas Golden Knights,"(3, 3)",0,0,0
401,2017,Vegas Golden Knights,"(4, 3)",0,0,0
402,2017,Vegas Golden Knights,"(3, 4)",0,0,0
403,2017,Vegas Golden Knights,"(5, 3)",207,1,0
404,2017,Vegas Golden Knights,"(3, 5)",164,0,1
405,2017,Minnesota Wild,"(5, 5)",15480,6,13
406,2017,Minnesota Wild,"(5, 4)",1190,3,0
407,2017,Minnesota Wild,"(4, 5)",1236,0,3
408,2017,Minnesota Wild,"(4, 4)",14,0,0
409,2017,Minnesota Wild,"(3, 3)",0,0,0
410,2017,Minnesota Wild,"(4, 3)",0,0,0
411,2017,Minnesota Wild,"(3, 4)",0,0,0
412,2017,Minnesota Wild,"(5, 3)",80,0,0
413,2017,Minnesota Wild,"(3, 5)",0,0,0
414,2017,Ottawa Senators,"(5, 5)",0,0,0
415,2017,Ottawa Senators,"(5, 4)",0,0,0
416,2017,Ottawa Senators,"(4, 5)",0,0,0
417,2017,Ottawa Senators,"(4, 4)",0,0,0
418,2017,Ottawa Senators,"(3, 3)",0,0,0
419,2017,Ottawa Senators,"(4, 3)",0,0,0
420,2017,Ottawa Senators,"(3, 4)",0,0,0
421,2017,Ottawa Senators,"(5, 3)",0,0,0
422,2017,Ottawa Senators,"(3, 5)",0,0,0
423,2017,Carolina Hurricanes,"(5, 5)",0,0,0
424,2017,Carolina Hurricanes,"(5, 4)",0,0,0
425,2017,Carolina Hurricanes,"(4, 5)",0,0,0
426,2017,Carolina Hurricanes,"(4, 4)",0,0,0
427,2017,Carolina Hurricanes,"(3, 3)",0,0,0
428,2017,Carolina Hurricanes,"(4, 3)",0,0,0
429,2017,Carolina Hurricanes,"(3, 4)",0,0,0
430,2017,Carolina Hurricanes,"(5, 3)",0,0,0
431,2017,Carolina Hurricanes,"(3, 5)",0,0,0
432,2017,St. Louis Blues,"(5, 5)",0,0,0
433,2017,St. Louis Blues,"(5, 4)",0,0,0
434,2017,St. Louis Blues,"(4, 5)",0,0,0
435,2017,St. Louis Blues,"(4, 4)",0,0,0
436,2017,St. Louis Blues,"(3, 3)",0,0,0
437,2017,St. Louis Blues,"(4, 3)",0,0,0
438,2017,St. Louis Blues,"(3, 4)",0,0,0
439,2017,St. Louis Blues,"(5, 3)",0,0,0
440,2017,St. Louis Blues,"(3, 5)",0,0,0
441,2017,Calgary Flames,"(5, 5)",0,0,0
442,2017,Calgary Flames,"(5, 4)",0,0,0
443,2017,Calgary Flames,"(4, 5)",0,0,0
444,2017,Calgary Flames,"(4, 4)",0,0,0
445,2017,Calgary Flames,"(3, 3)",0,0,0
446,2017,Calgary Flames,"(4, 3)",0,0,0
447,2017,Calgary Flames,"(3, 4)",0,0,0
448,2017,Calgary Flames,"(5, 3)",0,0,0
449,2017,Calgary Flames,"(3, 5)",0,0,0
450,2017,Anaheim Ducks,"(5, 5)",11166,2,10
451,2017,Anaheim Ducks,"(5, 4)",1241,2,0
452,2017,Anaheim Ducks,"(4, 5)",1823,0,5
453,2017,Anaheim Ducks,"(4, 4)",131,0,0
454,2017,Anaheim Ducks,"(3, 3)",0,0,0
455,2017,Anaheim Ducks,"(4, 3)",0,0,0
456,2017,Anaheim Ducks,"(3, 4)",0,0,0
457,2017,Anaheim Ducks,"(5, 3)",0,0,0
458,2017,Anaheim Ducks,"(3, 5)",39,0,1
459,2017,San Jose Sharks,"(5, 5)",28873,17,17
460,2017,San Jose Sharks,"(5, 4)",4240,9,0
461,2017,San Jose Sharks,"(4, 5)",3894,0,7
462,2017,San Jose Sharks,"(4, 4)",728,2,1
463,2017,San Jose Sharks,"(3, 3)",0,0,0
464,2017,San Jose Sharks,"(4, 3)",0,0,0
465,2017,San Jose Sharks,"(3, 4)",0,0,0
466,2017,San Jose Sharks,"(5, 3)",136,1,0
467,2017,San Jose Sharks,"(3, 5)",139,0,1
468,2017,Columbus Blue Jackets,"(5, 5)",19965,13,13
469,2017,Columbus Blue Jackets,"(5, 4)",2402,4,1
470,2017,Columbus Blue Jackets,"(4, 5)",2438,1,8
471,2017,Columbus Blue Jackets,"(4, 4)",293,0,0
472,2017,Columbus Blue Jackets,"(3, 3)",0,0,0
473,2017,Columbus Blue Jackets,"(4, 3)",0,0,0
474,2017,Columbus Blue Jackets,"(3, 4)",0,0,0
475,2017,Columbus Blue Jackets,"(5, 3)",0,0,0
476,2017,Columbus Blue Jackets,"(3, 5)",59,0,1
477,2017,Florida Panthers,"(5, 5)",0,0,0
478,2017,Florida Panthers,"(5, 4)",0,0,0
479,2017,Florida Panthers,"(4, 5)",0,0,0
480,2017,Florida Panthers,"(4, 4)",0,0,0
481,2017,Florida Panthers,"(3, 3)",0,0,0
482,2017,Florida Panthers,"(4, 3)",0,0,0
483,2017,Florida Panthers,"(3, 4)",0,0,0
484,2017,Florida Panthers,"(5, 3)",0,0,0
485,2017,Florida Panthers,"(3, 5)",0,0,0
486,2017,Colorado Avalanche,"(5, 5)",17024,12,17
487,2017,Colorado Avalanche,"(5, 4)",1886,0,0
488,2017,Colorado Avalanche,"(4, 5)",1710,0,2
489,2017,Colorado Avalanche,"(4, 4)",724,1,2
490,2017,Colorado Avalanche,"(3, 3)",0,0,0
491,2017,Colorado Avalanche,"(4, 3)",0,0,0
492,2017,Colorado Avalanche,"(3, 4)",0,0,0
493,2017,Colorado Avalanche,"(5, 3)",121,2,0
494,2017,Colorado Avalanche,"(3, 5)",135,0,1
495,2017,Los Angeles Kings,"(5, 5)",13665,2,5
496,2017,Los Angeles Kings,"(5, 4)",1422,1,0
497,2017,Los Angeles Kings,"(4, 5)",1322,0,1
498,2017,Los Angeles Kings,"(4, 4)",114,0,0
499,2017,Los Angeles Kings,"(3, 3)",0,0,0
500,2017,Los Angeles Kings,"(4, 3)",0,0,0
501,2017,Los Angeles Kings,"(3, 4)",0,0,0
502,2017,Los Angeles Kings,"(5, 3)",0,0,0
503,2017,Los Angeles Kings,"(3, 5)",0,0,0
504,2017,Boston Bruins,"(5, 5)",36530,26,27
505,2017,Boston Bruins,"(5, 4)",2745,12,1
506,2017,Boston Bruins,"(4, 5)",3351,1,9
507,2017,Boston Bruins,"(4, 4)",462,2,0
508,2017,Boston Bruins,"(3, 3)",0,0,0
509,2017,Boston Bruins,"(4, 3)",0,0,0
510,2017,Boston Bruins,"(3, 4)",37,0,0
511,2017,Boston Bruins,"(5, 3)",254,0,0
512,2017,Boston Bruins,"(3, 5)",19,0,0
513,2017,Washington Capitals,"(5, 5)",71447,57,38
514,2017,Washington Capitals,"(5, 4)",6317,19,1
515,2017,Washington Capitals,"(4, 5)",6751,1,17
516,2017,Washington Capitals,"(4, 4)",1871,2,2
517,2017,Washington Capitals,"(3, 3)",0,0,0
518,2017,Washington Capitals,"(4, 3)",0,0,0
519,2017,Washington Capitals,"(3, 4)",104,0,0
520,2017,Washington Capitals,"(5, 3)",126,2,0
521,2017,Washington Capitals,"(3, 5)",68,0,0
522,2017,Edmonton Oilers,"(5, 5)",0,0,0
523,2017,Edmonton Oilers,"(5, 4)",0,0,0
524,2017,Edmonton Oilers,"(4, 5)",0,0,0
525,2017,Edmonton Oilers,"(4, 4)",0,0,0
526,2017,Edmonton Oilers,"(3, 3)",0,0,0
527,2017,Edmonton Oilers,"(4, 3)",0,0,0
528,2017,Edmonton Oilers,"(3, 4)",0,0,0
529,2017,Edmonton Oilers,"(5, 3)",0,0,0
530,2017,Edmonton Oilers,"(3, 5)",0,0,0
531,2017,Detroit Red Wings,"(5, 5)",0,0,0
532,2017,Detroit Red Wings,"(5, 4)",0,0,0
533,2017,Detroit Red Wings,"(4, 5)",0,0,0
534,2017,Detroit Red Wings,"(4, 4)",0,0,0
535,2017,Detroit Red Wings,"(3, 3)",0,0,0
536,2017,Detroit Red Wings,"(4, 3)",0,0,0
537,2017,Detroit Red Wings,"(3, 4)",0,0,0
538,2017,Detroit Red Wings,"(5, 3)",0,0,0
539,2017,Detroit Red Wings,"(3, 5)",0,0,0
540,2017,Buffalo Sabres,"(5, 5)",0,0,0
541,2017,Buffalo Sabres,"(5, 4)",0,0,0
542,2017,Buffalo Sabres,"(4, 5)",0,0,0
543,2017,Buffalo Sabres,"(4, 4)",0,0,0
544,2017,Buffalo Sabres,"(3, 3)",0,0,0
545,2017,Buffalo Sabres,"(4, 3)",0,0,0
546,2017,Buffalo Sabres,"(3, 4)",0,0,0
547,2017,Buffalo Sabres,"(5, 3)",0,0,0
548,2017,Buffalo Sabres,"(3, 5)",0,0,0
549,2017,Nashville Predators,"(5, 5)",43056,29,33
550,2017,Nashville Predators,"(5, 4)",3824,7,0
551,2017,Nashville Predators,"(4, 5)",3634,1,5
552,2017,Nashville Predators,"(4, 4)",1135,2,4
553,2017,Nashville Predators,"(3, 3)",0,0,0
554,2017,Nashville Predators,"(4, 3)",0,0,0
555,2017,Nashville Predators,"(3, 4)",0,0,0
556,2017,Nashville Predators,"(5, 3)",167,1,0
557,2017,Nashville Predators,"(3, 5)",121,0,2
558,2017,Philadelphia Flyers,"(5, 5)",16074,12,22
559,2017,Philadelphia Flyers,"(5, 4)",2165,2,0
560,2017,Philadelphia Flyers,"(4, 5)",2481,1,4
561,2017,Philadelphia Flyers,"(4, 4)",644,0,1
562,2017,Philadelphia Flyers,"(3, 3)",0,0,0
563,2017,Philadelphia Flyers,"(4, 3)",88,0,0
564,2017,Philadelphia Flyers,"(3, 4)",148,0,1
565,2017,Philadelphia Flyers,"(5, 3)",0,0,0
566,2017,Philadelphia Flyers,"(3, 5)",0,0,0
567,2017,New Jersey Devils,"(5, 5)",13916,8,12
568,2017,New Jersey Devils,"(5, 4)",1869,1,0
569,2017,New Jersey Devils,"(4, 5)",1926,1,5
570,2017,New Jersey Devils,"(4, 4)",254,0,1
571,2017,New Jersey Devils,"(3, 3)",0,0,0
572,2017,New Jersey Devils,"(4, 3)",0,0,0
573,2017,New Jersey Devils,"(3, 4)",0,0,0
574,2017,New Jersey Devils,"(5, 3)",35,2,0
575,2017,New Jersey Devils,"(3, 5)",0,0,0
576,2018,Pittsburgh Penguins,"(5, 5)",11694,5,12
577,2018,Pittsburgh Penguins,"(5, 4)",1159,1,0
578,2018,Pittsburgh Penguins,"(4, 5)",1140,0,2
579,2018,Pittsburgh Penguins,"(4, 4)",566,0,0
580,2018,Pittsburgh Penguins,"(3, 3)",0,0,0
581,2018,Pittsburgh Penguins,"(4, 3)",13,0,0
582,2018,Pittsburgh Penguins,"(3, 4)",0,0,0
583,2018,Pittsburgh Penguins,"(5, 3)",0,0,0
584,2018,Pittsburgh Penguins,"(3, 5)",107,0,0
585,2018,Seattle Kraken,"(5, 5)",0,0,0
586,2018,Seattle Kraken,"(5, 4)",0,0,0
587,2018,Seattle Kraken,"(4, 5)",0,0,0
588,2018,Seattle Kraken,"(4, 4)",0,0,0
589,2018,Seattle Kraken,"(3, 3)",0,0,0
590,2018,Seattle Kraken,"(4, 3)",0,0,0
591,2018,Seattle Kraken,"(3, 4)",0,0,0
592,2018,Seattle Kraken,"(5, 3)",0,0,0
593,2018,Seattle Kraken,"(3, 5)",0,0,0
594,2018,Montréal Canadiens,"(5, 5)",0,0,0
595,2018,Montréal Canadiens,"(5, 4)",0,0,0
596,2018,Montréal Canadiens,"(4, 5)",0,0,0
597,2018,Montréal Canadiens,"(4, 4)",0,0,0
598,2018,Montréal Canadiens,"(3, 3)",0,0,0
599,2018,Montréal Canadiens,"(4, 3)",0,0,0
600,2018,Montréal Canadiens,"(3, 4)",0,0,0
601,2018,Montréal Canadiens,"(5, 3)",0,0,0
602,2018,Montréal Canadiens,"(3, 5)",0,0,0
603,2018,New York Rangers,"(5, 5)",0,0,0
604,2018,New York Rangers,"(5, 4)",0,0,0
605,2018,New York Rangers,"(4, 5)",0,0,0
606,2018,New York Rangers,"(4, 4)",0,0,0
607,2018,New York Rangers,"(3, 3)",0,0,0
608,2018,New York Rangers,"(4, 3)",0,0,0
609,2018,New York Rangers,"(3, 4)",0,0,0
610,2018,New York Rangers,"(5, 3)",0,0,0
611,2018,New York Rangers,"(3, 5)",0,0,0
612,2018,Chicago Blackhawks,"(5, 5)",0,0,0
613,2018,Chicago Blackhawks,"(5, 4)",0,0,0
614,2018,Chicago Blackhawks,"(4, 5)",0,0,0
615,2018,Chicago Blackhawks,"(4, 4)",0,0,0
616,2018,Chicago Blackhawks,"(3, 3)",0,0,0
617,2018,Chicago Blackhawks,"(4, 3)",0,0,0
618,2018,Chicago Blackhawks,"(3, 4)",0,0,0
619,2018,Chicago Blackhawks,"(5, 3)",0,0,0
620,2018,Chicago Blackhawks,"(3, 5)",0,0,0
621,2018,Vancouver Canucks,"(5, 5)",0,0,0
622,2018,Vancouver Canucks,"(5, 4)",0,0,0
623,2018,Vancouver Canucks,"(4, 5)",0,0,0
624,2018,Vancouver Canucks,"(4, 4)",0,0,0
625,2018,Vancouver Canucks,"(3, 3)",0,0,0
626,2018,Vancouver Canucks,"(4, 3)",0,0,0
627,2018,Vancouver Canucks,"(3, 4)",0,0,0
628,2018,Vancouver Canucks,"(5, 3)",0,0,0
629,2018,Vancouver Canucks,"(3, 5)",0,0,0
630,2018,Toronto Maple Leafs,"(5, 5)",21799,13,16
631,2018,Toronto Maple Leafs,"(5, 4)",1615,3,0
632,2018,Toronto Maple Leafs,"(4, 5)",1626,0,7
633,2018,Toronto Maple Leafs,"(4, 4)",160,0,0
634,2018,Toronto Maple Leafs,"(3, 3)",0,0,0
635,2018,Toronto Maple Leafs,"(4, 3)",0,0,0
636,2018,Toronto Maple Leafs,"(3, 4)",0,0,0
637,2018,Toronto Maple Leafs,"(5, 3)",0,0,0
638,2018,Toronto Maple Leafs,"(3, 5)",0,0,0
639,2018,Tampa Bay Lightning,"(5, 5)",12533,6,13
640,2018,Tampa Bay Lightning,"(5, 4)",602,1,1
641,2018,Tampa Bay Lightning,"(4, 5)",1046,1,5
642,2018,Tampa Bay Lightning,"(4, 4)",219,0,0
643,2018,Tampa Bay Lightning,"(3, 3)",0,0,0
644,2018,Tampa Bay Lightning,"(4, 3)",0,0,0
645,2018,Tampa Bay Lightning,"(3, 4)",0,0,0
646,2018,Tampa Bay Lightning,"(5, 3)",0,0,0
647,2018,Tampa Bay Lightning,"(3, 5)",0,0,0
648,2018,Dallas Stars,"(5, 5)",41522,24,26
649,2018,Dallas Stars,"(5, 4)",3499,8,0
650,2018,Dallas Stars,"(4, 5)",4027,1,2
651,2018,Dallas Stars,"(4, 4)",511,2,1
652,2018,Dallas Stars,"(3, 3)",0,0,0
653,2018,Dallas Stars,"(4, 3)",0,0,0
654,2018,Dallas Stars,"(3, 4)",0,0,0
655,2018,Dallas Stars,"(5, 3)",89,0,0
656,2018,Dallas Stars,"(3, 5)",24,0,0
657,2018,New York Islanders,"(5, 5)",23556,14,17
658,2018,New York Islanders,"(5, 4)",2405,5,0
659,2018,New York Islanders,"(4, 5)",2334,0,2
660,2018,New York Islanders,"(4, 4)",823,0,0
661,2018,New York Islanders,"(3, 3)",0,0,0
662,2018,New York Islanders,"(4, 3)",0,0,0
663,2018,New York Islanders,"(3, 4)",13,0,0
664,2018,New York Islanders,"(5, 3)",107,0,0
665,2018,New York Islanders,"(3, 5)",85,0,0
666,2018,Arizona Coyotes,"(5, 5)",0,0,0
667,2018,Arizona Coyotes,"(5, 4)",0,0,0
668,2018,Arizona Coyotes,"(4, 5)",0,0,0
669,2018,Arizona Coyotes,"(4, 4)",0,0,0
670,2018,Arizona Coyotes,"(3, 3)",0,0,0
671,2018,Arizona Coyotes,"(4, 3)",0,0,0
672,2018,Arizona Coyotes,"(3, 4)",0,0,0
673,2018,Arizona Coyotes,"(5, 3)",0,0,0
674,2018,Arizona Coyotes,"(3, 5)",0,0,0
675,2018,Winnipeg Jets,"(5, 5)",18731,11,10
676,2018,Winnipeg Jets,"(5, 4)",1298,2,0
677,2018,Winnipeg Jets,"(4, 5)",1733,1,5
678,2018,Winnipeg Jets,"(4, 4)",170,1,1
679,2018,Winnipeg Jets,"(3, 3)",0,0,0
680,2018,Winnipeg Jets,"(4, 3)",13,1,0
681,2018,Winnipeg Jets,"(3, 4)",0,0,0
682,2018,Winnipeg Jets,"(5, 3)",0,0,0
683,2018,Winnipeg Jets,"(3, 5)",17,0,0
684,2018,Vegas Golden Knights,"(5, 5)",24913,17,14
685,2018,Vegas Golden Knights,"(5, 4)",2603,9,0
686,2018,Vegas Golden Knights,"(4, 5)",3505,2,9
687,2018,Vegas Golden Knights,"(4, 4)",513,0,2
688,2018,Vegas Golden Knights,"(3, 3)",37,0,1
689,2018,Vegas Golden Knights,"(4, 3)",0,0,0
690,2018,Vegas Golden Knights,"(3, 4)",37,0,0
691,2018,Vegas Golden Knights,"(5, 3)",108,0,0
692,2018,Vegas Golden Knights,"(3, 5)",60,0,0
693,2018,Minnesota Wild,"(5, 5)",0,0,0
694,2018,Minnesota Wild,"(5, 4)",0,0,0
695,2018,Minnesota Wild,"(4, 5)",0,0,0
696,2018,Minnesota Wild,"(4, 4)",0,0,0
697,2018,Minnesota Wild,"(3, 3)",0,0,0
698,2018,Minnesota Wild,"(4, 3)",0,0,0
699,2018,Minnesota Wild,"(3, 4)",0,0,0
700,2018,Minnesota Wild,"(5, 3)",0,0,0
701,2018,Minnesota Wild,"(3, 5)",0,0,0
702,2018,Ottawa Senators,"(5, 5)",0,0,0
703,2018,Ottawa Senators,"(5, 4)",0,0,0
704,2018,Ottawa Senators,"(4, 5)",0,0,0
705,2018,Ottawa Senators,"(4, 4)",0,0,0
706,2018,Ottawa Senators,"(3, 3)",0,0,0
707,2018,Ottawa Senators,"(4, 3)",0,0,0
708,2018,Ottawa Senators,"(3, 4)",0,0,0
709,2018,Ottawa Senators,"(5, 3)",0,0,0
710,2018,Ottawa Senators,"(3, 5)",0,0,0
711,2018,Carolina Hurricanes,"(5, 5)",45015,32,25
712,2018,Carolina Hurricanes,"(5, 4)",5062,5,0
713,2018,Carolina Hurricanes,"(4, 5)",5120,1,16
714,2018,Carolina Hurricanes,"(4, 4)",754,0,0
715,2018,Carolina Hurricanes,"(3, 3)",0,0,0
716,2018,Carolina Hurricanes,"(4, 3)",69,0,0
717,2018,Carolina Hurricanes,"(3, 4)",0,0,0
718,2018,Carolina Hurricanes,"(5, 3)",197,0,0
719,2018,Carolina Hurricanes,"(3, 5)",0,0,0
720,2018,St. Louis Blues,"(5, 5)",77772,54,46
721,2018,St. Louis Blues,"(5, 4)",7613,12,4
722,2018,St. Louis Blues,"(4, 5)",5806,0,13
723,2018,St. Louis Blues,"(4, 4)",987,2,3
724,2018,St. Louis Blues,"(3, 3)",0,0,0
725,2018,St. Louis Blues,"(4, 3)",83,0,0
726,2018,St. Louis Blues,"(3, 4)",13,0,1
727,2018,St. Louis Blues,"(5, 3)",103,1,0
728,2018,St. Louis Blues,"(3, 5)",89,0,2
729,2018,Calgary Flames,"(5, 5)",14302,5,9
730,2018,Calgary Flames,"(5, 4)",1727,5,2
731,2018,Calgary Flames,"(4, 5)",2187,0,4
732,2018,Calgary Flames,"(4, 4)",766,1,1
733,2018,Calgary Flames,"(3, 3)",0,0,0
734,2018,Calgary Flames,"(4, 3)",55,0,0
735,2018,Calgary Flames,"(3, 4)",0,0,0
736,2018,Calgary Flames,"(5, 3)",0,0,0
737,2018,Calgary Flames,"(3, 5)",93,0,1
738,2018,Anaheim Ducks,"(5, 5)",0,0,0
739,2018,Anaheim Ducks,"(5, 4)",0,0,0
740,2018,Anaheim Ducks,"(4, 5)",0,0,0
741,2018,Anaheim Ducks,"(4, 4)",0,0,0
742,2018,Anaheim Ducks,"(3, 3)",0,0,0
743,2018,Anaheim Ducks,"(4, 3)",0,0,0
744,2018,Anaheim Ducks,"(3, 4)",0,0,0
745,2018,Anaheim Ducks,"(5, 3)",0,0,0
746,2018,Anaheim Ducks,"(3, 5)",0,0,0
747,2018,San Jose Sharks,"(5, 5)",61068,41,48
748,2018,San Jose Sharks,"(5, 4)",6352,11,2
749,2018,San Jose Sharks,"(4, 5)",6539,1,14
750,2018,San Jose Sharks,"(4, 4)",1120,2,0
751,2018,San Jose Sharks,"(3, 3)",37,1,0
752,2018,San Jose Sharks,"(4, 3)",37,0,0
753,2018,San Jose Sharks,"(3, 4)",0,0,0
754,2018,San Jose Sharks,"(5, 3)",111,1,0
755,2018,San Jose Sharks,"(3, 5)",187,0,1
756,2018,Columbus Blue Jackets,"(5, 5)",31563,20,19
757,2018,Columbus Blue Jackets,"(5, 4)",3221,7,2
758,2018,Columbus Blue Jackets,"(4, 5)",2530,1,4
759,2018,Columbus Blue Jackets,"(4, 4)",423,1,0
760,2018,Columbus Blue Jackets,"(3, 3)",0,0,0
761,2018,Columbus Blue Jackets,"(4, 3)",0,0,0
762,2018,Columbus Blue Jackets,"(3, 4)",0,0,0
763,2018,Columbus Blue Jackets,"(5, 3)",0,0,0
764,2018,Columbus Blue Jackets,"(3, 5)",0,0,0
765,2018,Florida Panthers,"(5, 5)",0,0,0
766,2018,Florida Panthers,"(5, 4)",0,0,0
767,2018,Florida Panthers,"(4, 5)",0,0,0
768,2018,Florida Panthers,"(4, 4)",0,0,0
769,2018,Florida Panthers,"(3, 3)",0,0,0
770,2018,Florida Panthers,"(4, 3)",0,0,0
771,2018,Florida Panthers,"(3, 4)",0,0,0
772,2018,Florida Panthers,"(5, 3)",0,0,0
773,2018,Florida Panthers,"(3, 5)",0,0,0
774,2018,Colorado Avalanche,"(5, 5)",35031,25,23
775,2018,Colorado Avalanche,"(5, 4)",4569,6,0
776,2018,Colorado Avalanche,"(4, 5)",3618,2,7
777,2018,Colorado Avalanche,"(4, 4)",1099,1,1
778,2018,Colorado Avalanche,"(3, 3)",0,0,0
779,2018,Colorado Avalanche,"(4, 3)",0,0,0
780,2018,Colorado Avalanche,"(3, 4)",55,0,0
781,2018,Colorado Avalanche,"(5, 3)",110,1,0
782,2018,Colorado Avalanche,"(3, 5)",0,0,0
783,2018,Los Angeles Kings,"(5, 5)",0,0,0
784,2018,Los Angeles Kings,"(5, 4)",0,0,0
785,2018,Los Angeles Kings,"(4, 5)",0,0,0
786,2018,Los Angeles Kings,"(4, 4)",0,0,0
787,2018,Los Angeles Kings,"(3, 3)",0,0,0
788,2018,Los Angeles Kings,"(4, 3)",0,0,0
789,2018,Los Angeles Kings,"(3, 4)",0,0,0
790,2018,Los Angeles Kings,"(5, 3)",0,0,0
791,2018,Los Angeles Kings,"(3, 5)",0,0,0
792,2018,Boston Bruins,"(5, 5)",70097,52,37
793,2018,Boston Bruins,"(5, 4)",6681,23,0
794,2018,Boston Bruins,"(4, 5)",6958,2,7
795,2018,Boston Bruins,"(4, 4)",797,0,1
796,2018,Boston Bruins,"(3, 3)",0,0,0
797,2018,Boston Bruins,"(4, 3)",0,0,0
798,2018,Boston Bruins,"(3, 4)",152,0,0
799,2018,Boston Bruins,"(5, 3)",38,1,0
800,2018,Boston Bruins,"(3, 5)",45,0,0
801,2018,Washington Capitals,"(5, 5)",24546,16,18
802,2018,Washington Capitals,"(5, 4)",3006,7,1
803,2018,Washington Capitals,"(4, 5)",2804,0,4
804,2018,Washington Capitals,"(4, 4)",350,0,0
805,2018,Washington Capitals,"(3, 3)",0,0,0
806,2018,Washington Capitals,"(4, 3)",0,0,0
807,2018,Washington Capitals,"(3, 4)",0,0,0
808,2018,Washington Capitals,"(5, 3)",0,0,0
809,2018,Washington Capitals,"(3, 5)",67,0,0
810,2018,Edmonton Oilers,"(5, 5)",0,0,0
811,2018,Edmonton Oilers,"(5, 4)",0,0,0
812,2018,Edmonton Oilers,"(4, 5)",0,0,0
813,2018,Edmonton Oilers,"(4, 4)",0,0,0
814,2018,Edmonton Oilers,"(3, 3)",0,0,0
815,2018,Edmonton Oilers,"(4, 3)",0,0,0
816,2018,Edmonton Oilers,"(3, 4)",0,0,0
817,2018,Edmonton Oilers,"(5, 3)",0,0,0
818,2018,Edmonton Oilers,"(3, 5)",0,0,0
819,2018,Detroit Red Wings,"(5, 5)",0,0,0
820,2018,Detroit Red Wings,"(5, 4)",0,0,0
821,2018,Detroit Red Wings,"(4, 5)",0,0,0
822,2018,Detroit Red Wings,"(4, 4)",0,0,0
823,2018,Detroit Red Wings,"(3, 3)",0,0,0
824,2018,Detroit Red Wings,"(4, 3)",0,0,0
825,2018,Detroit Red Wings,"(3, 4)",0,0,0
826,2018,Detroit Red Wings,"(5, 3)",0,0,0
827,2018,Detroit Red Wings,"(3, 5)",0,0,0
828,2018,Buffalo Sabres,"(5, 5)",0,0,0
829,2018,Buffalo Sabres,"(5, 4)",0,0,0
830,2018,Buffalo Sabres,"(4, 5)",0,0,0
831,2018,Buffalo Sabres,"(4, 4)",0,0,0
832,2018,Buffalo Sabres,"(3, 3)",0,0,0
833,2018,Buffalo Sabres,"(4, 3)",0,0,0
834,2018,Buffalo Sabres,"(3, 4)",0,0,0
835,2018,Buffalo Sabres,"(5, 3)",0,0,0
836,2018,Buffalo Sabres,"(3, 5)",0,0,0
837,2018,Nashville Predators,"(5, 5)",18568,12,14
838,2018,Nashville Predators,"(5, 4)",1786,0,0
839,2018,Nashville Predators,"(4, 5)",2225,0,4
840,2018,Nashville Predators,"(4, 4)",254,0,0
841,2018,Nashville Predators,"(3, 3)",0,0,0
842,2018,Nashville Predators,"(4, 3)",0,0,0
843,2018,Nashville Predators,"(3, 4)",0,0,0
844,2018,Nashville Predators,"(5, 3)",0,0,0
845,2018,Nashville Predators,"(3, 5)",89,0,0
846,2018,Philadelphia Flyers,"(5, 5)",0,0,0
847,2018,Philadelphia Flyers,"(5, 4)",0,0,0
848,2018,Philadelphia Flyers,"(4, 5)",0,0,0
849,2018,Philadelphia Flyers,"(4, 4)",0,0,0
850,2018,Philadelphia Flyers,"(3, 3)",0,0,0
851,2018,Philadelphia Flyers,"(4, 3)",0,0,0
852,2018,Philadelphia Flyers,"(3, 4)",0,0,0
853,2018,Philadelphia Flyers,"(5, 3)",0,0,0
854,2018,Philadelphia Flyers,"(3, 5)",0,0,0
855,2018,New Jersey Devils,"(5, 5)",0,0,0
856,2018,New Jersey Devils,"(5, 4)",0,0,0
857,2018,New Jersey Devils,"(4, 5)",0,0,0
858,2018,New Jersey Devils,"(4, 4)",0,0,0
859,2018,New Jersey Devils,"(3, 3)",0,0,0
860,2018,New Jersey Devils,"(4, 3)",0,0,0
861,2018,New Jersey Devils,"(3, 4)",0,0,0
862,2018,New Jersey Devils,"(5, 3)",0,0,0
863,2018,New Jersey Devils,"(3, 5)",0,0,0
864,2019,Pittsburgh Penguins,"(5, 5)",12051,5,10
865,2019,Pittsburgh Penguins,"(5, 4)",1643,3,0
866,2019,Pittsburgh Penguins,"(4, 5)",1291,0,0
867,2019,Pittsburgh Penguins,"(4, 4)",119,0,0
868,2019,Pittsburgh Penguins,"(3, 3)",0,0,0
869,2019,Pittsburgh Penguins,"(4, 3)",0,0,0
870,2019,Pittsburgh Penguins,"(3, 4)",15,0,0
871,2019,Pittsburgh Penguins,"(5, 3)",118,0,0
872,2019,Pittsburgh Penguins,"(3, 5)",0,0,0
873,2019,Seattle Kraken,"(5, 5)",0,0,0
874,2019,Seattle Kraken,"(5, 4)",0,0,0
875,2019,Seattle Kraken,"(4, 5)",0,0,0
876,2019,Seattle Kraken,"(4, 4)",0,0,0
877,2019,Seattle Kraken,"(3, 3)",0,0,0
878,2019,Seattle Kraken,"(4, 3)",0,0,0
879,2019,Seattle Kraken,"(3, 4)",0,0,0
880,2019,Seattle Kraken,"(5, 3)",0,0,0
881,2019,Seattle Kraken,"(3, 5)",0,0,0
882,2019,Montréal Canadiens,"(5, 5)",28264,17,12
883,2019,Montréal Canadiens,"(5, 4)",3231,5,0
884,2019,Montréal Canadiens,"(4, 5)",4336,1,7
885,2019,Montréal Canadiens,"(4, 4)",657,0,0
886,2019,Montréal Canadiens,"(3, 3)",0,0,0
887,2019,Montréal Canadiens,"(4, 3)",15,0,0
888,2019,Montréal Canadiens,"(3, 4)",111,0,0
889,2019,Montréal Canadiens,"(5, 3)",7,0,0
890,2019,Montréal Canadiens,"(3, 5)",216,0,0
891,2019,New York Rangers,"(5, 5)",7804,2,8
892,2019,New York Rangers,"(5, 4)",1381,0,1
893,2019,New York Rangers,"(4, 5)",1307,1,2
894,2019,New York Rangers,"(4, 4)",232,0,0
895,2019,New York Rangers,"(3, 3)",0,0,0
896,2019,New York Rangers,"(4, 3)",0,0,0
897,2019,New York Rangers,"(3, 4)",0,0,0
898,2019,New York Rangers,"(5, 3)",76,1,0
899,2019,New York Rangers,"(3, 5)",0,0,0
900,2019,Chicago Blackhawks,"(5, 5)",26644,21,23
901,2019,Chicago Blackhawks,"(5, 4)",3080,4,1
902,2019,Chicago Blackhawks,"(4, 5)",2813,1,6
903,2019,Chicago Blackhawks,"(4, 4)",229,0,0
904,2019,Chicago Blackhawks,"(3, 3)",0,0,0
905,2019,Chicago Blackhawks,"(4, 3)",11,0,0
906,2019,Chicago Blackhawks,"(3, 4)",0,0,0
907,2019,Chicago Blackhawks,"(5, 3)",47,1,0
908,2019,Chicago Blackhawks,"(3, 5)",9,0,0
909,2019,Vancouver Canucks,"(5, 5)",47821,31,31
910,2019,Vancouver Canucks,"(5, 4)",6770,14,1
911,2019,Vancouver Canucks,"(4, 5)",6393,2,12
912,2019,Vancouver Canucks,"(4, 4)",1353,1,0
913,2019,Vancouver Canucks,"(3, 3)",0,0,0
914,2019,Vancouver Canucks,"(4, 3)",0,0,0
915,2019,Vancouver Canucks,"(3, 4)",0,0,0
916,2019,Vancouver Canucks,"(5, 3)",80,0,0
917,2019,Vancouver Canucks,"(3, 5)",55,0,1
918,2019,Toronto Maple Leafs,"(5, 5)",16791,7,12
919,2019,Toronto Maple Leafs,"(5, 4)",1303,2,0
920,2019,Toronto Maple Leafs,"(4, 5)",1643,1,0
921,2019,Toronto Maple Leafs,"(4, 4)",157,0,0
922,2019,Toronto Maple Leafs,"(3, 3)",0,0,0
923,2019,Toronto Maple Leafs,"(4, 3)",0,0,0
924,2019,Toronto Maple Leafs,"(3, 4)",0,0,0
925,2019,Toronto Maple Leafs,"(5, 3)",0,0,0
926,2019,Toronto Maple Leafs,"(3, 5)",0,0,0
927,2019,Tampa Bay Lightning,"(5, 5)",75767,54,34
928,2019,Tampa Bay Lightning,"(5, 4)",6776,15,1
929,2019,Tampa Bay Lightning,"(4, 5)",7749,0,11
930,2019,Tampa Bay Lightning,"(4, 4)",1546,1,1
931,2019,Tampa Bay Lightning,"(3, 3)",0,0,0
932,2019,Tampa Bay Lightning,"(4, 3)",0,0,0
933,2019,Tampa Bay Lightning,"(3, 4)",89,0,0
934,2019,Tampa Bay Lightning,"(5, 3)",111,0,0
935,2019,Tampa Bay Lightning,"(3, 5)",136,0,0
936,2019,Dallas Stars,"(5, 5)",72335,52,48
937,2019,Dallas Stars,"(5, 4)",7350,17,3
938,2019,Dallas Stars,"(4, 5)",8342,2,18
939,2019,Dallas Stars,"(4, 4)",1761,0,2
940,2019,Dallas Stars,"(3, 3)",0,0,0
941,2019,Dallas Stars,"(4, 3)",90,0,0
942,2019,Dallas Stars,"(3, 4)",0,0,0
943,2019,Dallas Stars,"(5, 3)",40,1,0
944,2019,Dallas Stars,"(3, 5)",295,0,1
945,2019,New York Islanders,"(5, 5)",69672,52,36
946,2019,New York Islanders,"(5, 4)",7994,12,0
947,2019,New York Islanders,"(4, 5)",5903,1,12
948,2019,New York Islanders,"(4, 4)",1320,0,2
949,2019,New York Islanders,"(3, 3)",0,0,0
950,2019,New York Islanders,"(4, 3)",79,0,0
951,2019,New York Islanders,"(3, 4)",38,0,0
952,2019,New York Islanders,"(5, 3)",38,0,0
953,2019,New York Islanders,"(3, 5)",176,0,0
954,2019,Arizona Coyotes,"(5, 5)",26401,18,23
955,2019,Arizona Coyotes,"(5, 4)",2765,3,0
956,2019,Arizona Coyotes,"(4, 5)",2997,1,9
957,2019,Arizona Coyotes,"(4, 4)",391,0,0
958,2019,Arizona Coyotes,"(3, 3)",0,0,0
959,2019,Arizona Coyotes,"(4, 3)",0,0,0
960,2019,Arizona Coyotes,"(3, 4)",37,0,1
961,2019,Arizona Coyotes,"(5, 3)",16,0,0
962,2019,Arizona Coyotes,"(3, 5)",120,0,0
963,2019,Winnipeg Jets,"(5, 5)",10921,4,10
964,2019,Winnipeg Jets,"(5, 4)",1567,2,1
965,2019,Winnipeg Jets,"(4, 5)",1620,0,5
966,2019,Winnipeg Jets,"(4, 4)",172,0,0
967,2019,Winnipeg Jets,"(3, 3)",0,0,0
968,2019,Winnipeg Jets,"(4, 3)",0,0,0
969,2019,Winnipeg Jets,"(3, 4)",0,0,0
970,2019,Winnipeg Jets,"(5, 3)",120,0,0
971,2019,Winnipeg Jets,"(3, 5)",0,0,0
972,2019,Vegas Golden Knights,"(5, 5)",49988,32,25
973,2019,Vegas Golden Knights,"(5, 4)",5514,9,1
974,2019,Vegas Golden Knights,"(4, 5)",5339,1,7
975,2019,Vegas Golden Knights,"(4, 4)",826,0,1
976,2019,Vegas Golden Knights,"(3, 3)",0,0,0
977,2019,Vegas Golden Knights,"(4, 3)",0,0,0
978,2019,Vegas Golden Knights,"(3, 4)",0,0,0
979,2019,Vegas Golden Knights,"(5, 3)",135,0,0
980,2019,Vegas Golden Knights,"(3, 5)",78,0,0
981,2019,Minnesota Wild,"(5, 5)",9777,6,8
982,2019,Minnesota Wild,"(5, 4)",2052,3,0
983,2019,Minnesota Wild,"(4, 5)",1835,1,4
984,2019,Minnesota Wild,"(4, 4)",738,0,0
985,2019,Minnesota Wild,"(3, 3)",0,0,0
986,2019,Minnesota Wild,"(4, 3)",0,0,0
987,2019,Minnesota Wild,"(3, 4)",0,0,0
988,2019,Minnesota Wild,"(5, 3)",7,0,0
989,2019,Minnesota Wild,"(3, 5)",2,0,0
990,2019,Ottawa Senators,"(5, 5)",0,0,0
991,2019,Ottawa Senators,"(5, 4)",0,0,0
992,2019,Ottawa Senators,"(4, 5)",0,0,0
993,2019,Ottawa Senators,"(4, 4)",0,0,0
994,2019,Ottawa Senators,"(3, 3)",0,0,0
995,2019,Ottawa Senators,"(4, 3)",0,0,0
996,2019,Ottawa Senators,"(3, 4)",0,0,0
997,2019,Ottawa Senators,"(5, 3)",0,0,0
998,2019,Ottawa Senators,"(3, 5)",0,0,0
999,2019,Carolina Hurricanes,"(5, 5)",23163,16,10
1000,2019,Carolina Hurricanes,"(5, 4)",2974,4,2
1001,2019,Carolina Hurricanes,"(4, 5)",3388,2,5
1002,2019,Carolina Hurricanes,"(4, 4)",472,0,0
1003,2019,Carolina Hurricanes,"(3, 3)",0,0,0
1004,2019,Carolina Hurricanes,"(4, 3)",0,0,0
1005,2019,Carolina Hurricanes,"(3, 4)",0,0,0
1006,2019,Carolina Hurricanes,"(5, 3)",0,0,0
1007,2019,Carolina Hurricanes,"(3, 5)",76,0,1
1008,2019,St. Louis Blues,"(5, 5)",21919,15,14
1009,2019,St. Louis Blues,"(5, 4)",1967,4,2
1010,2019,St. Louis Blues,"(4, 5)",2292,0,7
1011,2019,St. Louis Blues,"(4, 4)",235,0,0
1012,2019,St. Louis Blues,"(3, 3)",0,0,0
1013,2019,St. Louis Blues,"(4, 3)",0,0,0
1014,2019,St. Louis Blues,"(3, 4)",0,0,0
1015,2019,St. Louis Blues,"(5, 3)",48,1,0
1016,2019,St. Louis Blues,"(3, 5)",0,0,0
1017,2019,Calgary Flames,"(5, 5)",29701,19,19
1018,2019,Calgary Flames,"(5, 4)",3254,10,1
1019,2019,Calgary Flames,"(4, 5)",3634,4,7
1020,2019,Calgary Flames,"(4, 4)",251,0,0
1021,2019,Calgary Flames,"(3, 3)",0,0,0
1022,2019,Calgary Flames,"(4, 3)",0,0,0
1023,2019,Calgary Flames,"(3, 4)",0,0,0
1024,2019,Calgary Flames,"(5, 3)",0,0,0
1025,2019,Calgary Flames,"(3, 5)",125,0,0
1026,2019,Anaheim Ducks,"(5, 5)",0,0,0
1027,2019,Anaheim Ducks,"(5, 4)",0,0,0
1028,2019,Anaheim Ducks,"(4, 5)",0,0,0
1029,2019,Anaheim Ducks,"(4, 4)",0,0,0
1030,2019,Anaheim Ducks,"(3, 3)",0,0,0
1031,2019,Anaheim Ducks,"(4, 3)",0,0,0
1032,2019,Anaheim Ducks,"(3, 4)",0,0,0
1033,2019,Anaheim Ducks,"(5, 3)",0,0,0
1034,2019,Anaheim Ducks,"(3, 5)",0,0,0
1035,2019,San Jose Sharks,"(5, 5)",0,0,0
1036,2019,San Jose Sharks,"(5, 4)",0,0,0
1037,2019,San Jose Sharks,"(4, 5)",0,0,0
1038,2019,San Jose Sharks,"(4, 4)",0,0,0
1039,2019,San Jose Sharks,"(3, 3)",0,0,0
1040,2019,San Jose Sharks,"(4, 3)",0,0,0
1041,2019,San Jose Sharks,"(3, 4)",0,0,0
1042,2019,San Jose Sharks,"(5, 3)",0,0,0
1043,2019,San Jose Sharks,"(3, 5)",0,0,0
1044,2019,Columbus Blue Jackets,"(5, 5)",37241,20,21
1045,2019,Columbus Blue Jackets,"(5, 4)",3459,3,1
1046,2019,Columbus Blue Jackets,"(4, 5)",2320,0,2
1047,2019,Columbus Blue Jackets,"(4, 4)",527,1,0
1048,2019,Columbus Blue Jackets,"(3, 3)",0,0,0
1049,2019,Columbus Blue Jackets,"(4, 3)",0,0,0
1050,2019,Columbus Blue Jackets,"(3, 4)",0,0,0
1051,2019,Columbus Blue Jackets,"(5, 3)",86,0,0
1052,2019,Columbus Blue Jackets,"(3, 5)",0,0,0
1053,2019,Florida Panthers,"(5, 5)",11649,3,9
1054,2019,Florida Panthers,"(5, 4)",1042,4,0
1055,2019,Florida Panthers,"(4, 5)",1389,0,4
1056,2019,Florida Panthers,"(4, 4)",274,0,0
1057,2019,Florida Panthers,"(3, 3)",0,0,0
1058,2019,Florida Panthers,"(4, 3)",0,0,0
1059,2019,Florida Panthers,"(3, 4)",46,0,0
1060,2019,Florida Panthers,"(5, 3)",0,0,0
1061,2019,Florida Panthers,"(3, 5)",0,0,0
1062,2019,Colorado Avalanche,"(5, 5)",34066,39,26
1063,2019,Colorado Avalanche,"(5, 4)",4627,9,0
1064,2019,Colorado Avalanche,"(4, 5)",3652,0,9
1065,2019,Colorado Avalanche,"(4, 4)",928,2,0
1066,2019,Colorado Avalanche,"(3, 3)",0,0,0
1067,2019,Colorado Avalanche,"(4, 3)",0,0,0
1068,2019,Colorado Avalanche,"(3, 4)",36,0,0
1069,2019,Colorado Avalanche,"(5, 3)",284,1,0
1070,2019,Colorado Avalanche,"(3, 5)",51,0,1
1071,2019,Los Angeles Kings,"(5, 5)",0,0,0
1072,2019,Los Angeles Kings,"(5, 4)",0,0,0
1073,2019,Los Angeles Kings,"(4, 5)",0,0,0
1074,2019,Los Angeles Kings,"(4, 4)",0,0,0
1075,2019,Los Angeles Kings,"(3, 3)",0,0,0
1076,2019,Los Angeles Kings,"(4, 3)",0,0,0
1077,2019,Los Angeles Kings,"(3, 4)",0,0,0
1078,2019,Los Angeles Kings,"(5, 3)",0,0,0
1079,2019,Los Angeles Kings,"(3, 5)",0,0,0
1080,2019,Boston Bruins,"(5, 5)",35122,14,26
1081,2019,Boston Bruins,"(5, 4)",3720,10,1
1082,2019,Boston Bruins,"(4, 5)",3675,1,6
1083,2019,Boston Bruins,"(4, 4)",639,0,0
1084,2019,Boston Bruins,"(3, 3)",0,0,0
1085,2019,Boston Bruins,"(4, 3)",35,0,0
1086,2019,Boston Bruins,"(3, 4)",0,0,0
1087,2019,Boston Bruins,"(5, 3)",12,0,0
1088,2019,Boston Bruins,"(3, 5)",0,0,0
1089,2019,Washington Capitals,"(5, 5)",14244,3,14
1090,2019,Washington Capitals,"(5, 4)",1394,4,1
1091,2019,Washington Capitals,"(4, 5)",2056,0,2
1092,2019,Washington Capitals,"(4, 4)",438,1,0
1093,2019,Washington Capitals,"(3, 3)",0,0,0
1094,2019,Washington Capitals,"(4, 3)",38,0,0
1095,2019,Washington Capitals,"(3, 4)",33,0,0
1096,2019,Washington Capitals,"(5, 3)",65,0,0
1097,2019,Washington Capitals,"(3, 5)",0,0,0
1098,2019,Edmonton Oilers,"(5, 5)",10747,10,12
1099,2019,Edmonton Oilers,"(5, 4)",1675,5,0
1100,2019,Edmonton Oilers,"(4, 5)",1686,0,3
1101,2019,Edmonton Oilers,"(4, 4)",229,0,0
1102,2019,Edmonton Oilers,"(3, 3)",0,0,0
1103,2019,Edmonton Oilers,"(4, 3)",0,0,0
1104,2019,Edmonton Oilers,"(3, 4)",11,0,0
1105,2019,Edmonton Oilers,"(5, 3)",5,0,0
1106,2019,Edmonton Oilers,"(3, 5)",47,0,1
1107,2019,Detroit Red Wings,"(5, 5)",0,0,0
1108,2019,Detroit Red Wings,"(5, 4)",0,0,0
1109,2019,Detroit Red Wings,"(4, 5)",0,0,0
1110,2019,Detroit Red Wings,"(4, 4)",0,0,0
1111,2019,Detroit Red Wings,"(3, 3)",0,0,0
1112,2019,Detroit Red Wings,"(4, 3)",0,0,0
1113,2019,Detroit Red Wings,"(3, 4)",0,0,0
1114,2019,Detroit Red Wings,"(5, 3)",0,0,0
1115,2019,Detroit Red Wings,"(3, 5)",0,0,0
1116,2019,Buffalo Sabres,"(5, 5)",0,0,0
1117,2019,Buffalo Sabres,"(5, 4)",0,0,0
1118,2019,Buffalo Sabres,"(4, 5)",0,0,0
1119,2019,Buffalo Sabres,"(4, 4)",0,0,0
1120,2019,Buffalo Sabres,"(3, 3)",0,0,0
1121,2019,Buffalo Sabres,"(4, 3)",0,0,0
1122,2019,Buffalo Sabres,"(3, 4)",0,0,0
1123,2019,Buffalo Sabres,"(5, 3)",0,0,0
1124,2019,Buffalo Sabres,"(3, 5)",0,0,0
1125,2019,Nashville Predators,"(5, 5)",11851,7,11
1126,2019,Nashville Predators,"(5, 4)",1343,3,1
1127,2019,Nashville Predators,"(4, 5)",1197,0,2
1128,2019,Nashville Predators,"(4, 4)",299,0,0
1129,2019,Nashville Predators,"(3, 3)",0,0,0
1130,2019,Nashville Predators,"(4, 3)",37,1,0
1131,2019,Nashville Predators,"(3, 4)",0,0,0
1132,2019,Nashville Predators,"(5, 3)",0,0,0
1133,2019,Nashville Predators,"(3, 5)",0,0,0
1134,2019,Philadelphia Flyers,"(5, 5)",40511,22,27
1135,2019,Philadelphia Flyers,"(5, 4)",4142,4,1
1136,2019,Philadelphia Flyers,"(4, 5)",4166,0,9
1137,2019,Philadelphia Flyers,"(4, 4)",769,0,0
1138,2019,Philadelphia Flyers,"(3, 3)",0,0,0
1139,2019,Philadelphia Flyers,"(4, 3)",111,0,0
1140,2019,Philadelphia Flyers,"(3, 4)",0,0,0
1141,2019,Philadelphia Flyers,"(5, 3)",98,0,0
1142,2019,Philadelphia Flyers,"(3, 5)",7,0,0
1143,2019,New Jersey Devils,"(5, 5)",0,0,0
1144,2019,New Jersey Devils,"(5, 4)",0,0,0
1145,2019,New Jersey Devils,"(4, 5)",0,0,0
1146,2019,New Jersey Devils,"(4, 4)",0,0,0
1147,2019,New Jersey Devils,"(3, 3)",0,0,0
1148,2019,New Jersey Devils,"(4, 3)",0,0,0
1149,2019,New Jersey Devils,"(3, 4)",0,0,0
1150,2019,New Jersey Devils,"(5, 3)",0,0,0
1151,2019,New Jersey Devils,"(3, 5)",0,0,0
1152,2020,Pittsburgh Penguins,"(5, 5)",20566,12,17
1153,2020,Pittsburgh Penguins,"(5, 4)",1134,3,0
1154,2020,Pittsburgh Penguins,"(4, 5)",1571,1,2
1155,2020,Pittsburgh Penguins,"(4, 4)",521,0,0
1156,2020,Pittsburgh Penguins,"(3, 3)",0,0,0
1157,2020,Pittsburgh Penguins,"(4, 3)",0,0,0
1158,2020,Pittsburgh Penguins,"(3, 4)",49,0,0
1159,2020,Pittsburgh Penguins,"(5, 3)",0,0,0
1160,2020,Pittsburgh Penguins,"(3, 5)",0,0,1
1161,2020,Seattle Kraken,"(5, 5)",0,0,0
1162,2020,Seattle Kraken,"(5, 4)",0,0,0
1163,2020,Seattle Kraken,"(4, 5)",0,0,0
1164,2020,Seattle Kraken,"(4, 4)",0,0,0
1165,2020,Seattle Kraken,"(3, 3)",0,0,0
1166,2020,Seattle Kraken,"(4, 3)",0,0,0
1167,2020,Seattle Kraken,"(3, 4)",0,0,0
1168,2020,Seattle Kraken,"(5, 3)",0,0,0
1169,2020,Seattle Kraken,"(3, 5)",0,0,0
1170,2020,Montréal Canadiens,"(5, 5)",65840,37,47
1171,2020,Montréal Canadiens,"(5, 4)",4784,9,1
1172,2020,Montréal Canadiens,"(4, 5)",6318,4,5
1173,2020,Montréal Canadiens,"(4, 4)",666,0,0
1174,2020,Montréal Canadiens,"(3, 3)",0,0,0
1175,2020,Montréal Canadiens,"(4, 3)",115,0,0
1176,2020,Montréal Canadiens,"(3, 4)",35,0,0
1177,2020,Montréal Canadiens,"(5, 3)",58,1,0
1178,2020,Montréal Canadiens,"(3, 5)",44,0,0
1179,2020,New York Rangers,"(5, 5)",0,0,0
1180,2020,New York Rangers,"(5, 4)",0,0,0
1181,2020,New York Rangers,"(4, 5)",0,0,0
1182,2020,New York Rangers,"(4, 4)",0,0,0
1183,2020,New York Rangers,"(3, 3)",0,0,0
1184,2020,New York Rangers,"(4, 3)",0,0,0
1185,2020,New York Rangers,"(3, 4)",0,0,0
1186,2020,New York Rangers,"(5, 3)",0,0,0
1187,2020,New York Rangers,"(3, 5)",0,0,0
1188,2020,Chicago Blackhawks,"(5, 5)",0,0,0
1189,2020,Chicago Blackhawks,"(5, 4)",0,0,0
1190,2020,Chicago Blackhawks,"(4, 5)",0,0,0
1191,2020,Chicago Blackhawks,"(4, 4)",0,0,0
1192,2020,Chicago Blackhawks,"(3, 3)",0,0,0
1193,2020,Chicago Blackhawks,"(4, 3)",0,0,0
1194,2020,Chicago Blackhawks,"(3, 4)",0,0,0
1195,2020,Chicago Blackhawks,"(5, 3)",0,0,0
1196,2020,Chicago Blackhawks,"(3, 5)",0,0,0
1197,2020,Vancouver Canucks,"(5, 5)",0,0,0
1198,2020,Vancouver Canucks,"(5, 4)",0,0,0
1199,2020,Vancouver Canucks,"(4, 5)",0,0,0
1200,2020,Vancouver Canucks,"(4, 4)",0,0,0
1201,2020,Vancouver Canucks,"(3, 3)",0,0,0
1202,2020,Vancouver Canucks,"(4, 3)",0,0,0
1203,2020,Vancouver Canucks,"(3, 4)",0,0,0
1204,2020,Vancouver Canucks,"(5, 3)",0,0,0
1205,2020,Vancouver Canucks,"(3, 5)",0,0,0
1206,2020,Toronto Maple Leafs,"(5, 5)",21616,15,10
1207,2020,Toronto Maple Leafs,"(5, 4)",2568,3,1
1208,2020,Toronto Maple Leafs,"(4, 5)",1926,0,2
1209,2020,Toronto Maple Leafs,"(4, 4)",6,0,0
1210,2020,Toronto Maple Leafs,"(3, 3)",0,0,0
1211,2020,Toronto Maple Leafs,"(4, 3)",0,0,0
1212,2020,Toronto Maple Leafs,"(3, 4)",0,0,0
1213,2020,Toronto Maple Leafs,"(5, 3)",0,0,0
1214,2020,Toronto Maple Leafs,"(3, 5)",58,0,1
1215,2020,Tampa Bay Lightning,"(5, 5)",66127,49,35
1216,2020,Tampa Bay Lightning,"(5, 4)",5662,22,0
1217,2020,Tampa Bay Lightning,"(4, 5)",5510,2,10
1218,2020,Tampa Bay Lightning,"(4, 4)",2255,1,0
1219,2020,Tampa Bay Lightning,"(3, 3)",0,0,0
1220,2020,Tampa Bay Lightning,"(4, 3)",93,0,0
1221,2020,Tampa Bay Lightning,"(3, 4)",403,0,0
1222,2020,Tampa Bay Lightning,"(5, 3)",92,0,0
1223,2020,Tampa Bay Lightning,"(3, 5)",76,0,0
1224,2020,Dallas Stars,"(5, 5)",0,0,0
1225,2020,Dallas Stars,"(5, 4)",0,0,0
1226,2020,Dallas Stars,"(4, 5)",0,0,0
1227,2020,Dallas Stars,"(4, 4)",0,0,0
1228,2020,Dallas Stars,"(3, 3)",0,0,0
1229,2020,Dallas Stars,"(4, 3)",0,0,0
1230,2020,Dallas Stars,"(3, 4)",0,0,0
1231,2020,Dallas Stars,"(5, 3)",0,0,0
1232,2020,Dallas Stars,"(3, 5)",0,0,0
1233,2020,New York Islanders,"(5, 5)",61567,43,36
1234,2020,New York Islanders,"(5, 4)",4703,9,2
1235,2020,New York Islanders,"(4, 5)",3959,0,15
1236,2020,New York Islanders,"(4, 4)",1205,0,0
1237,2020,New York Islanders,"(3, 3)",0,0,0
1238,2020,New York Islanders,"(4, 3)",245,0,0
1239,2020,New York Islanders,"(3, 4)",59,0,0
1240,2020,New York Islanders,"(5, 3)",62,1,0
1241,2020,New York Islanders,"(3, 5)",13,0,0
1242,2020,Arizona Coyotes,"(5, 5)",0,0,0
1243,2020,Arizona Coyotes,"(5, 4)",0,0,0
1244,2020,Arizona Coyotes,"(4, 5)",0,0,0
1245,2020,Arizona Coyotes,"(4, 4)",0,0,0
1246,2020,Arizona Coyotes,"(3, 3)",0,0,0
1247,2020,Arizona Coyotes,"(4, 3)",0,0,0
1248,2020,Arizona Coyotes,"(3, 4)",0,0,0
1249,2020,Arizona Coyotes,"(5, 3)",0,0,0
1250,2020,Arizona Coyotes,"(3, 5)",0,0,0
1251,2020,Winnipeg Jets,"(5, 5)",27996,16,14
1252,2020,Winnipeg Jets,"(5, 4)",1896,3,3
1253,2020,Winnipeg Jets,"(4, 5)",2342,1,4
1254,2020,Winnipeg Jets,"(4, 4)",236,0,0
1255,2020,Winnipeg Jets,"(3, 3)",0,0,0
1256,2020,Winnipeg Jets,"(4, 3)",0,0,0
1257,2020,Winnipeg Jets,"(3, 4)",0,0,0
1258,2020,Winnipeg Jets,"(5, 3)",0,0,0
1259,2020,Winnipeg Jets,"(3, 5)",40,0,1
1260,2020,Vegas Golden Knights,"(5, 5)",60465,48,36
1261,2020,Vegas Golden Knights,"(5, 4)",4768,4,0
1262,2020,Vegas Golden Knights,"(4, 5)",3849,1,10
1263,2020,Vegas Golden Knights,"(4, 4)",631,0,0
1264,2020,Vegas Golden Knights,"(3, 3)",0,0,0
1265,2020,Vegas Golden Knights,"(4, 3)",1,0,0
1266,2020,Vegas Golden Knights,"(3, 4)",0,0,0
1267,2020,Vegas Golden Knights,"(5, 3)",13,0,0
1268,2020,Vegas Golden Knights,"(3, 5)",0,0,0
1269,2020,Minnesota Wild,"(5, 5)",22249,11,17
1270,2020,Minnesota Wild,"(5, 4)",1133,2,1
1271,2020,Minnesota Wild,"(4, 5)",1708,0,2
1272,2020,Minnesota Wild,"(4, 4)",310,0,0
1273,2020,Minnesota Wild,"(3, 3)",0,0,0
1274,2020,Minnesota Wild,"(4, 3)",0,0,0
1275,2020,Minnesota Wild,"(3, 4)",0,0,0
1276,2020,Minnesota Wild,"(5, 3)",0,0,0
1277,2020,Minnesota Wild,"(3, 5)",0,0,0
1278,2020,Ottawa Senators,"(5, 5)",0,0,0
1279,2020,Ottawa Senators,"(5, 4)",0,0,0
1280,2020,Ottawa Senators,"(4, 5)",0,0,0
1281,2020,Ottawa Senators,"(4, 4)",0,0,0
1282,2020,Ottawa Senators,"(3, 3)",0,0,0
1283,2020,Ottawa Senators,"(4, 3)",0,0,0
1284,2020,Ottawa Senators,"(3, 4)",0,0,0
1285,2020,Ottawa Senators,"(5, 3)",0,0,0
1286,2020,Ottawa Senators,"(3, 5)",0,0,0
1287,2020,Carolina Hurricanes,"(5, 5)",35626,23,18
1288,2020,Carolina Hurricanes,"(5, 4)",3492,6,0
1289,2020,Carolina Hurricanes,"(4, 5)",4063,0,8
1290,2020,Carolina Hurricanes,"(4, 4)",1178,2,0
1291,2020,Carolina Hurricanes,"(3, 3)",0,0,0
1292,2020,Carolina Hurricanes,"(4, 3)",0,0,0
1293,2020,Carolina Hurricanes,"(3, 4)",0,0,0
1294,2020,Carolina Hurricanes,"(5, 3)",0,0,0
1295,2020,Carolina Hurricanes,"(3, 5)",51,0,2
1296,2020,St. Louis Blues,"(5, 5)",12011,4,13
1297,2020,St. Louis Blues,"(5, 4)",1082,2,1
1298,2020,St. Louis Blues,"(4, 5)",1059,1,6
1299,2020,St. Louis Blues,"(4, 4)",248,0,0
1300,2020,St. Louis Blues,"(3, 3)",0,0,0
1301,2020,St. Louis Blues,"(4, 3)",0,0,0
1302,2020,St. Louis Blues,"(3, 4)",0,0,0
1303,2020,St. Louis Blues,"(5, 3)",0,0,0
1304,2020,St. Louis Blues,"(3, 5)",0,0,0
1305,2020,Calgary Flames,"(5, 5)",0,0,0
1306,2020,Calgary Flames,"(5, 4)",0,0,0
1307,2020,Calgary Flames,"(4, 5)",0,0,0
1308,2020,Calgary Flames,"(4, 4)",0,0,0
1309,2020,Calgary Flames,"(3, 3)",0,0,0
1310,2020,Calgary Flames,"(4, 3)",0,0,0
1311,2020,Calgary Flames,"(3, 4)",0,0,0
1312,2020,Calgary Flames,"(5, 3)",0,0,0
1313,2020,Calgary Flames,"(3, 5)",0,0,0
1314,2020,Anaheim Ducks,"(5, 5)",0,0,0
1315,2020,Anaheim Ducks,"(5, 4)",0,0,0
1316,2020,Anaheim Ducks,"(4, 5)",0,0,0
1317,2020,Anaheim Ducks,"(4, 4)",0,0,0
1318,2020,Anaheim Ducks,"(3, 3)",0,0,0
1319,2020,Anaheim Ducks,"(4, 3)",0,0,0
1320,2020,Anaheim Ducks,"(3, 4)",0,0,0
1321,2020,Anaheim Ducks,"(5, 3)",0,0,0
1322,2020,Anaheim Ducks,"(3, 5)",0,0,0
1323,2020,San Jose Sharks,"(5, 5)",0,0,0
1324,2020,San Jose Sharks,"(5, 4)",0,0,0
1325,2020,San Jose Sharks,"(4, 5)",0,0,0
1326,2020,San Jose Sharks,"(4, 4)",0,0,0
1327,2020,San Jose Sharks,"(3, 3)",0,0,0
1328,2020,San Jose Sharks,"(4, 3)",0,0,0
1329,2020,San Jose Sharks,"(3, 4)",0,0,0
1330,2020,San Jose Sharks,"(5, 3)",0,0,0
1331,2020,San Jose Sharks,"(3, 5)",0,0,0
1332,2020,Columbus Blue Jackets,"(5, 5)",0,0,0
1333,2020,Columbus Blue Jackets,"(5, 4)",0,0,0
1334,2020,Columbus Blue Jackets,"(4, 5)",0,0,0
1335,2020,Columbus Blue Jackets,"(4, 4)",0,0,0
1336,2020,Columbus Blue Jackets,"(3, 3)",0,0,0
1337,2020,Columbus Blue Jackets,"(4, 3)",0,0,0
1338,2020,Columbus Blue Jackets,"(3, 4)",0,0,0
1339,2020,Columbus Blue Jackets,"(5, 3)",0,0,0
1340,2020,Columbus Blue Jackets,"(3, 5)",0,0,0
1341,2020,Florida Panthers,"(5, 5)",17500,11,14
1342,2020,Florida Panthers,"(5, 4)",1789,6,1
1343,2020,Florida Panthers,"(4, 5)",1425,0,8
1344,2020,Florida Panthers,"(4, 4)",1075,0,1
1345,2020,Florida Panthers,"(3, 3)",0,0,0
1346,2020,Florida Panthers,"(4, 3)",92,0,0
1347,2020,Florida Panthers,"(3, 4)",0,0,0
1348,2020,Florida Panthers,"(5, 3)",14,0,0
1349,2020,Florida Panthers,"(3, 5)",61,0,0
1350,2020,Colorado Avalanche,"(5, 5)",30624,26,22
1351,2020,Colorado Avalanche,"(5, 4)",2734,11,1
1352,2020,Colorado Avalanche,"(4, 5)",2473,1,4
1353,2020,Colorado Avalanche,"(4, 4)",346,0,0
1354,2020,Colorado Avalanche,"(3, 3)",0,0,0
1355,2020,Colorado Avalanche,"(4, 3)",0,0,0
1356,2020,Colorado Avalanche,"(3, 4)",0,0,0
1357,2020,Colorado Avalanche,"(5, 3)",0,0,0
1358,2020,Colorado Avalanche,"(3, 5)",0,0,0
1359,2020,Los Angeles Kings,"(5, 5)",0,0,0
1360,2020,Los Angeles Kings,"(5, 4)",0,0,0
1361,2020,Los Angeles Kings,"(4, 5)",0,0,0
1362,2020,Los Angeles Kings,"(4, 4)",0,0,0
1363,2020,Los Angeles Kings,"(3, 3)",0,0,0
1364,2020,Los Angeles Kings,"(4, 3)",0,0,0
1365,2020,Los Angeles Kings,"(3, 4)",0,0,0
1366,2020,Los Angeles Kings,"(5, 3)",0,0,0
1367,2020,Los Angeles Kings,"(3, 5)",0,0,0
1368,2020,Boston Bruins,"(5, 5)",34898,20,23
1369,2020,Boston Bruins,"(5, 4)",2956,12,0
1370,2020,Boston Bruins,"(4, 5)",3879,0,9
1371,2020,Boston Bruins,"(4, 4)",749,0,0
1372,2020,Boston Bruins,"(3, 3)",0,0,0
1373,2020,Boston Bruins,"(4, 3)",0,0,0
1374,2020,Boston Bruins,"(3, 4)",23,0,0
1375,2020,Boston Bruins,"(5, 3)",67,0,0
1376,2020,Boston Bruins,"(3, 5)",0,0,0
1377,2020,Washington Capitals,"(5, 5)",15277,7,10
1378,2020,Washington Capitals,"(5, 4)",2220,3,0
1379,2020,Washington Capitals,"(4, 5)",1785,0,5
1380,2020,Washington Capitals,"(4, 4)",509,0,0
1381,2020,Washington Capitals,"(3, 3)",0,0,0
1382,2020,Washington Capitals,"(4, 3)",23,0,0
1383,2020,Washington Capitals,"(3, 4)",0,0,0
1384,2020,Washington Capitals,"(5, 3)",0,0,0
1385,2020,Washington Capitals,"(3, 5)",54,0,0
1386,2020,Edmonton Oilers,"(5, 5)",15636,6,11
1387,2020,Edmonton Oilers,"(5, 4)",1163,1,0
1388,2020,Edmonton Oilers,"(4, 5)",1042,0,3
1389,2020,Edmonton Oilers,"(4, 4)",130,0,0
1390,2020,Edmonton Oilers,"(3, 3)",0,0,0
1391,2020,Edmonton Oilers,"(4, 3)",0,0,0
1392,2020,Edmonton Oilers,"(3, 4)",0,0,0
1393,2020,Edmonton Oilers,"(5, 3)",40,1,0
1394,2020,Edmonton Oilers,"(3, 5)",0,0,0
1395,2020,Detroit Red Wings,"(5, 5)",0,0,0
1396,2020,Detroit Red Wings,"(5, 4)",0,0,0
1397,2020,Detroit Red Wings,"(4, 5)",0,0,0
1398,2020,Detroit Red Wings,"(4, 4)",0,0,0
1399,2020,Detroit Red Wings,"(3, 3)",0,0,0
1400,2020,Detroit Red Wings,"(4, 3)",0,0,0
1401,2020,Detroit Red Wings,"(3, 4)",0,0,0
1402,2020,Detroit Red Wings,"(5, 3)",0,0,0
1403,2020,Detroit Red Wings,"(3, 5)",0,0,0
1404,2020,Buffalo Sabres,"(5, 5)",0,0,0
1405,2020,Buffalo Sabres,"(5, 4)",0,0,0
1406,2020,Buffalo Sabres,"(4, 5)",0,0,0
1407,2020,Buffalo Sabres,"(4, 4)",0,0,0
1408,2020,Buffalo Sabres,"(3, 3)",0,0,0
1409,2020,Buffalo Sabres,"(4, 3)",0,0,0
1410,2020,Buffalo Sabres,"(3, 4)",0,0,0
1411,2020,Buffalo Sabres,"(5, 3)",0,0,0
1412,2020,Buffalo Sabres,"(3, 5)",0,0,0
1413,2020,Nashville Predators,"(5, 5)",20640,11,16
1414,2020,Nashville Predators,"(5, 4)",2707,1,0
1415,2020,Nashville Predators,"(4, 5)",1882,0,4
1416,2020,Nashville Predators,"(4, 4)",773,0,2
1417,2020,Nashville Predators,"(3, 3)",0,0,0
1418,2020,Nashville Predators,"(4, 3)",0,0,0
1419,2020,Nashville Predators,"(3, 4)",0,0,0
1420,2020,Nashville Predators,"(5, 3)",51,2,0
1421,2020,Nashville Predators,"(3, 5)",0,0,0
1422,2020,Philadelphia Flyers,"(5, 5)",0,0,0
1423,2020,Philadelphia Flyers,"(5, 4)",0,0,0
1424,2020,Philadelphia Flyers,"(4, 5)",0,0,0
1425,2020,Philadelphia Flyers,"(4, 4)",0,0,0
1426,2020,Philadelphia Flyers,"(3, 3)",0,0,0
1427,2020,Philadelphia Flyers,"(4, 3)",0,0,0
1428,2020,Philadelphia Flyers,"(3, 4)",0,0,0
1429,2020,Philadelphia Flyers,"(5, 3)",0,0,0
1430,2020,Philadelphia Flyers,"(3, 5)",0,0,0
1431,2020,New Jersey Devils,"(5, 5)",0,0,0
1432,2020,New Jersey Devils,"(5, 4)",0,0,0
1433,2020,New Jersey Devils,"(4, 5)",0,0,0
1434,2020,New Jersey Devils,"(4, 4)",0,0,0
1435,2020,New Jersey Devils,"(3, 3)",0,0,0
1436,2020,New Jersey Devils,"(4, 3)",0,0,0
1437,2020,New Jersey Devils,"(3, 4)",0,0,0
1438,2020,New Jersey Devils,"(5, 3)",0,0,0
1439,2020,New Jersey Devils,"(3, 5)",0,0,0
1440,2021,Pittsburgh Penguins,"(5, 5)",23940,23,20
1441,2021,Pittsburgh Penguins,"(5, 4)",1865,5,2
1442,2021,Pittsburgh Penguins,"(4, 5)",1767,0,6
1443,2021,Pittsburgh Penguins,"(4, 4)",339,0,0
1444,2021,Pittsburgh Penguins,"(3, 3)",0,0,0
1445,2021,Pittsburgh Penguins,"(4, 3)",79,0,0
1446,2021,Pittsburgh Penguins,"(3, 4)",0,0,0
1447,2021,Pittsburgh Penguins,"(5, 3)",228,1,0
1448,2021,Pittsburgh Penguins,"(3, 5)",26,0,0
1449,2021,Seattle Kraken,"(5, 5)",0,0,0
1450,2021,Seattle Kraken,"(5, 4)",0,0,0
1451,2021,Seattle Kraken,"(4, 5)",0,0,0
1452,2021,Seattle Kraken,"(4, 4)",0,0,0
1453,2021,Seattle Kraken,"(3, 3)",0,0,0
1454,2021,Seattle Kraken,"(4, 3)",0,0,0
1455,2021,Seattle Kraken,"(3, 4)",0,0,0
1456,2021,Seattle Kraken,"(5, 3)",0,0,0
1457,2021,Seattle Kraken,"(3, 5)",0,0,0
1458,2021,Montréal Canadiens,"(5, 5)",2916,0,1
1459,2021,Montréal Canadiens,"(5, 4)",324,0,0
1460,2021,Montréal Canadiens,"(4, 5)",324,0,0
1461,2021,Montréal Canadiens,"(4, 4)",36,0,0
1462,2021,Montréal Canadiens,"(3, 3)",0,0,0
1463,2021,Montréal Canadiens,"(4, 3)",0,0,0
1464,2021,Montréal Canadiens,"(3, 4)",0,0,0
1465,2021,Montréal Canadiens,"(5, 3)",0,0,0
1466,2021,Montréal Canadiens,"(3, 5)",0,0,0
1467,2021,New York Rangers,"(5, 5)",63644,42,45
1468,2021,New York Rangers,"(5, 4)",4921,17,2
1469,2021,New York Rangers,"(4, 5)",4848,2,10
1470,2021,New York Rangers,"(4, 4)",1166,0,0
1471,2021,New York Rangers,"(3, 3)",12,0,0
1472,2021,New York Rangers,"(4, 3)",104,0,0
1473,2021,New York Rangers,"(3, 4)",171,0,0
1474,2021,New York Rangers,"(5, 3)",73,1,0
1475,2021,New York Rangers,"(3, 5)",297,0,1
1476,2021,Chicago Blackhawks,"(5, 5)",0,0,0
1477,2021,Chicago Blackhawks,"(5, 4)",0,0,0
1478,2021,Chicago Blackhawks,"(4, 5)",0,0,0
1479,2021,Chicago Blackhawks,"(4, 4)",0,0,0
1480,2021,Chicago Blackhawks,"(3, 3)",0,0,0
1481,2021,Chicago Blackhawks,"(4, 3)",0,0,0
1482,2021,Chicago Blackhawks,"(3, 4)",0,0,0
1483,2021,Chicago Blackhawks,"(5, 3)",0,0,0
1484,2021,Chicago Blackhawks,"(3, 5)",0,0,0
1485,2021,Vancouver Canucks,"(5, 5)",0,0,0
1486,2021,Vancouver Canucks,"(5, 4)",0,0,0
1487,2021,Vancouver Canucks,"(4, 5)",0,0,0
1488,2021,Vancouver Canucks,"(4, 4)",0,0,0
1489,2021,Vancouver Canucks,"(3, 3)",0,0,0
1490,2021,Vancouver Canucks,"(4, 3)",0,0,0
1491,2021,Vancouver Canucks,"(3, 4)",0,0,0
1492,2021,Vancouver Canucks,"(5, 3)",0,0,0
1493,2021,Vancouver Canucks,"(3, 5)",0,0,0
1494,2021,Toronto Maple Leafs,"(5, 5)",19524,15,14
1495,2021,Toronto Maple Leafs,"(5, 4)",2746,3,1
1496,2021,Toronto Maple Leafs,"(4, 5)",2878,2,5
1497,2021,Toronto Maple Leafs,"(4, 4)",915,3,1
1498,2021,Toronto Maple Leafs,"(3, 3)",0,0,0
1499,2021,Toronto Maple Leafs,"(4, 3)",0,0,0
1500,2021,Toronto Maple Leafs,"(3, 4)",0,0,0
1501,2021,Toronto Maple Leafs,"(5, 3)",36,1,0
1502,2021,Toronto Maple Leafs,"(3, 5)",185,0,2
1503,2021,Tampa Bay Lightning,"(5, 5)",67102,49,37
1504,2021,Tampa Bay Lightning,"(5, 4)",7760,13,3
1505,2021,Tampa Bay Lightning,"(4, 5)",7300,1,14
1506,2021,Tampa Bay Lightning,"(4, 4)",2018,1,3
1507,2021,Tampa Bay Lightning,"(3, 3)",12,0,0
1508,2021,Tampa Bay Lightning,"(4, 3)",164,1,0
1509,2021,Tampa Bay Lightning,"(3, 4)",16,0,0
1510,2021,Tampa Bay Lightning,"(5, 3)",210,2,0
1511,2021,Tampa Bay Lightning,"(3, 5)",107,0,2
1512,2021,Dallas Stars,"(5, 5)",20206,11,12
1513,2021,Dallas Stars,"(5, 4)",2420,2,0
1514,2021,Dallas Stars,"(4, 5)",2305,0,1
1515,2021,Dallas Stars,"(4, 4)",1082,1,0
1516,2021,Dallas Stars,"(3, 3)",0,0,0
1517,2021,Dallas Stars,"(4, 3)",0,0,0
1518,2021,Dallas Stars,"(3, 4)",0,0,0
1519,2021,Dallas Stars,"(5, 3)",0,0,0
1520,2021,Dallas Stars,"(3, 5)",96,0,1
1521,2021,New York Islanders,"(5, 5)",0,0,0
1522,2021,New York Islanders,"(5, 4)",0,0,0
1523,2021,New York Islanders,"(4, 5)",0,0,0
1524,2021,New York Islanders,"(4, 4)",0,0,0
1525,2021,New York Islanders,"(3, 3)",0,0,0
1526,2021,New York Islanders,"(4, 3)",0,0,0
1527,2021,New York Islanders,"(3, 4)",0,0,0
1528,2021,New York Islanders,"(5, 3)",0,0,0
1529,2021,New York Islanders,"(3, 5)",0,0,0
1530,2021,Arizona Coyotes,"(5, 5)",0,0,0
1531,2021,Arizona Coyotes,"(5, 4)",0,0,0
1532,2021,Arizona Coyotes,"(4, 5)",0,0,0
1533,2021,Arizona Coyotes,"(4, 4)",0,0,0
1534,2021,Arizona Coyotes,"(3, 3)",0,0,0
1535,2021,Arizona Coyotes,"(4, 3)",0,0,0
1536,2021,Arizona Coyotes,"(3, 4)",0,0,0
1537,2021,Arizona Coyotes,"(5, 3)",0,0,0
1538,2021,Arizona Coyotes,"(3, 5)",0,0,0
1539,2021,Winnipeg Jets,"(5, 5)",0,0,0
1540,2021,Winnipeg Jets,"(5, 4)",0,0,0
1541,2021,Winnipeg Jets,"(4, 5)",0,0,0
1542,2021,Winnipeg Jets,"(4, 4)",0,0,0
1543,2021,Winnipeg Jets,"(3, 3)",0,0,0
1544,2021,Winnipeg Jets,"(4, 3)",0,0,0
1545,2021,Winnipeg Jets,"(3, 4)",0,0,0
1546,2021,Winnipeg Jets,"(5, 3)",0,0,0
1547,2021,Winnipeg Jets,"(3, 5)",0,0,0
1548,2021,Vegas Golden Knights,"(5, 5)",0,0,0
1549,2021,Vegas Golden Knights,"(5, 4)",0,0,0
1550,2021,Vegas Golden Knights,"(4, 5)",0,0,0
1551,2021,Vegas Golden Knights,"(4, 4)",0,0,0
1552,2021,Vegas Golden Knights,"(3, 3)",0,0,0
1553,2021,Vegas Golden Knights,"(4, 3)",0,0,0
1554,2021,Vegas Golden Knights,"(3, 4)",0,0,0
1555,2021,Vegas Golden Knights,"(5, 3)",0,0,0
1556,2021,Vegas Golden Knights,"(3, 5)",0,0,0
1557,2021,Minnesota Wild,"(5, 5)",15901,11,14
1558,2021,Minnesota Wild,"(5, 4)",2437,4,0
1559,2021,Minnesota Wild,"(4, 5)",2406,0,8
1560,2021,Minnesota Wild,"(4, 4)",771,1,0
1561,2021,Minnesota Wild,"(3, 3)",0,0,0
1562,2021,Minnesota Wild,"(4, 3)",0,0,0
1563,2021,Minnesota Wild,"(3, 4)",69,0,0
1564,2021,Minnesota Wild,"(5, 3)",16,0,0
1565,2021,Minnesota Wild,"(3, 5)",0,0,0
1566,2021,Ottawa Senators,"(5, 5)",0,0,0
1567,2021,Ottawa Senators,"(5, 4)",0,0,0
1568,2021,Ottawa Senators,"(4, 5)",0,0,0
1569,2021,Ottawa Senators,"(4, 4)",0,0,0
1570,2021,Ottawa Senators,"(3, 3)",0,0,0
1571,2021,Ottawa Senators,"(4, 3)",0,0,0
1572,2021,Ottawa Senators,"(3, 4)",0,0,0
1573,2021,Ottawa Senators,"(5, 3)",0,0,0
1574,2021,Ottawa Senators,"(3, 5)",0,0,0
1575,2021,Carolina Hurricanes,"(5, 5)",39847,28,26
1576,2021,Carolina Hurricanes,"(5, 4)",4957,6,1
1577,2021,Carolina Hurricanes,"(4, 5)",4101,2,11
1578,2021,Carolina Hurricanes,"(4, 4)",1026,0,0
1579,2021,Carolina Hurricanes,"(3, 3)",0,0,0
1580,2021,Carolina Hurricanes,"(4, 3)",0,0,0
1581,2021,Carolina Hurricanes,"(3, 4)",104,0,0
1582,2021,Carolina Hurricanes,"(5, 3)",269,1,0
1583,2021,Carolina Hurricanes,"(3, 5)",288,0,2
1584,2021,St. Louis Blues,"(5, 5)",35285,28,30
1585,2021,St. Louis Blues,"(5, 4)",3759,11,0
1586,2021,St. Louis Blues,"(4, 5)",3566,0,7
1587,2021,St. Louis Blues,"(4, 4)",1035,0,1
1588,2021,St. Louis Blues,"(3, 3)",0,0,0
1589,2021,St. Louis Blues,"(4, 3)",69,0,0
1590,2021,St. Louis Blues,"(3, 4)",0,0,0
1591,2021,St. Louis Blues,"(5, 3)",50,1,0
1592,2021,St. Louis Blues,"(3, 5)",136,0,0
1593,2021,Calgary Flames,"(5, 5)",34370,28,30
1594,2021,Calgary Flames,"(5, 4)",4105,4,1
1595,2021,Calgary Flames,"(4, 5)",4338,1,6
1596,2021,Calgary Flames,"(4, 4)",1503,0,2
1597,2021,Calgary Flames,"(3, 3)",0,0,0
1598,2021,Calgary Flames,"(4, 3)",0,0,0
1599,2021,Calgary Flames,"(3, 4)",0,0,0
1600,2021,Calgary Flames,"(5, 3)",96,1,0
1601,2021,Calgary Flames,"(3, 5)",0,0,0
1602,2021,Anaheim Ducks,"(5, 5)",0,0,0
1603,2021,Anaheim Ducks,"(5, 4)",0,0,0
1604,2021,Anaheim Ducks,"(4, 5)",0,0,0
1605,2021,Anaheim Ducks,"(4, 4)",0,0,0
1606,2021,Anaheim Ducks,"(3, 3)",0,0,0
1607,2021,Anaheim Ducks,"(4, 3)",0,0,0
1608,2021,Anaheim Ducks,"(3, 4)",0,0,0
1609,2021,Anaheim Ducks,"(5, 3)",0,0,0
1610,2021,Anaheim Ducks,"(3, 5)",0,0,0
1611,2021,San Jose Sharks,"(5, 5)",0,0,0
1612,2021,San Jose Sharks,"(5, 4)",0,0,0
1613,2021,San Jose Sharks,"(4, 5)",0,0,0
1614,2021,San Jose Sharks,"(4, 4)",0,0,0
1615,2021,San Jose Sharks,"(3, 3)",0,0,0
1616,2021,San Jose Sharks,"(4, 3)",0,0,0
1617,2021,San Jose Sharks,"(3, 4)",0,0,0
1618,2021,San Jose Sharks,"(5, 3)",0,0,0
1619,2021,San Jose Sharks,"(3, 5)",0,0,0
1620,2021,Columbus Blue Jackets,"(5, 5)",0,0,0
1621,2021,Columbus Blue Jackets,"(5, 4)",0,0,0
1622,2021,Columbus Blue Jackets,"(4, 5)",0,0,0
1623,2021,Columbus Blue Jackets,"(4, 4)",0,0,0
1624,2021,Columbus Blue Jackets,"(3, 3)",0,0,0
1625,2021,Columbus Blue Jackets,"(4, 3)",0,0,0
1626,2021,Columbus Blue Jackets,"(3, 4)",0,0,0
1627,2021,Columbus Blue Jackets,"(5, 3)",0,0,0
1628,2021,Columbus Blue Jackets,"(3, 5)",0,0,0
1629,2021,Florida Panthers,"(5, 5)",28557,21,21
1630,2021,Florida Panthers,"(5, 4)",3523,1,0
1631,2021,Florida Panthers,"(4, 5)",3458,0,11
1632,2021,Florida Panthers,"(4, 4)",773,1,0
1633,2021,Florida Panthers,"(3, 3)",0,0,0
1634,2021,Florida Panthers,"(4, 3)",17,0,0
1635,2021,Florida Panthers,"(3, 4)",31,0,0
1636,2021,Florida Panthers,"(5, 3)",0,0,0
1637,2021,Florida Panthers,"(3, 5)",104,0,0
1638,2021,Colorado Avalanche,"(5, 5)",58141,61,43
1639,2021,Colorado Avalanche,"(5, 4)",5081,18,0
1640,2021,Colorado Avalanche,"(4, 5)",5515,2,9
1641,2021,Colorado Avalanche,"(4, 4)",1133,0,0
1642,2021,Colorado Avalanche,"(3, 3)",0,0,0
1643,2021,Colorado Avalanche,"(4, 3)",0,0,0
1644,2021,Colorado Avalanche,"(3, 4)",72,0,1
1645,2021,Colorado Avalanche,"(5, 3)",368,2,0
1646,2021,Colorado Avalanche,"(3, 5)",185,0,1
1647,2021,Los Angeles Kings,"(5, 5)",20298,13,17
1648,2021,Los Angeles Kings,"(5, 4)",2621,3,2
1649,2021,Los Angeles Kings,"(4, 5)",1700,0,7
1650,2021,Los Angeles Kings,"(4, 4)",600,1,1
1651,2021,Los Angeles Kings,"(3, 3)",0,0,0
1652,2021,Los Angeles Kings,"(4, 3)",0,0,0
1653,2021,Los Angeles Kings,"(3, 4)",0,0,0
1654,2021,Los Angeles Kings,"(5, 3)",15,0,0
1655,2021,Los Angeles Kings,"(3, 5)",38,0,0
1656,2021,Boston Bruins,"(5, 5)",18647,13,19
1657,2021,Boston Bruins,"(5, 4)",2385,5,0
1658,2021,Boston Bruins,"(4, 5)",3192,1,4
1659,2021,Boston Bruins,"(4, 4)",535,0,0
1660,2021,Boston Bruins,"(3, 3)",0,0,0
1661,2021,Boston Bruins,"(4, 3)",0,0,0
1662,2021,Boston Bruins,"(3, 4)",0,0,0
1663,2021,Boston Bruins,"(5, 3)",241,1,0
1664,2021,Boston Bruins,"(3, 5)",200,0,1
1665,2021,Washington Capitals,"(5, 5)",17272,12,19
1666,2021,Washington Capitals,"(5, 4)",1925,7,0
1667,2021,Washington Capitals,"(4, 5)",2061,0,0
1668,2021,Washington Capitals,"(4, 4)",669,0,1
1669,2021,Washington Capitals,"(3, 3)",0,0,0
1670,2021,Washington Capitals,"(4, 3)",31,0,0
1671,2021,Washington Capitals,"(3, 4)",1,0,0
1672,2021,Washington Capitals,"(5, 3)",104,0,0
1673,2021,Washington Capitals,"(3, 5)",0,0,0
1674,2021,Edmonton Oilers,"(5, 5)",46160,47,47
1675,2021,Edmonton Oilers,"(5, 4)",4827,13,1
1676,2021,Edmonton Oilers,"(4, 5)",5736,3,10
1677,2021,Edmonton Oilers,"(4, 4)",1141,2,1
1678,2021,Edmonton Oilers,"(3, 3)",0,0,0
1679,2021,Edmonton Oilers,"(4, 3)",0,0,0
1680,2021,Edmonton Oilers,"(3, 4)",0,0,0
1681,2021,Edmonton Oilers,"(5, 3)",38,0,0
1682,2021,Edmonton Oilers,"(3, 5)",152,0,0
1683,2021,Detroit Red Wings,"(5, 5)",0,0,0
1684,2021,Detroit Red Wings,"(5, 4)",0,0,0
1685,2021,Detroit Red Wings,"(4, 5)",0,0,0
1686,2021,Detroit Red Wings,"(4, 4)",0,0,0
1687,2021,Detroit Red Wings,"(3, 3)",0,0,0
1688,2021,Detroit Red Wings,"(4, 3)",0,0,0
1689,2021,Detroit Red Wings,"(3, 4)",0,0,0
1690,2021,Detroit Red Wings,"(5, 3)",0,0,0
1691,2021,Detroit Red Wings,"(3, 5)",0,0,0
1692,2021,Buffalo Sabres,"(5, 5)",0,0,0
1693,2021,Buffalo Sabres,"(5, 4)",0,0,0
1694,2021,Buffalo Sabres,"(4, 5)",0,0,0
1695,2021,Buffalo Sabres,"(4, 4)",0,0,0
1696,2021,Buffalo Sabres,"(3, 3)",0,0,0
1697,2021,Buffalo Sabres,"(4, 3)",0,0,0
1698,2021,Buffalo Sabres,"(3, 4)",0,0,0
1699,2021,Buffalo Sabres,"(5, 3)",0,0,0
1700,2021,Buffalo Sabres,"(3, 5)",0,0,0
1701,2021,Nashville Predators,"(5, 5)",12186,6,13
1702,2021,Nashville Predators,"(5, 4)",1146,3,1
1703,2021,Nashville Predators,"(4, 5)",1307,0,6
1704,2021,Nashville Predators,"(4, 4)",122,0,0
1705,2021,Nashville Predators,"(3, 3)",0,0,0
1706,2021,Nashville Predators,"(4, 3)",0,0,0
1707,2021,Nashville Predators,"(3, 4)",0,0,0
1708,2021,Nashville Predators,"(5, 3)",110,0,0
1709,2021,Nashville Predators,"(3, 5)",40,0,1
1710,2021,Philadelphia Flyers,"(5, 5)",0,0,0
1711,2021,Philadelphia Flyers,"(5, 4)",0,0,0
1712,2021,Philadelphia Flyers,"(4, 5)",0,0,0
1713,2021,Philadelphia Flyers,"(4, 4)",0,0,0
1714,2021,Philadelphia Flyers,"(3, 3)",0,0,0
1715,2021,Philadelphia Flyers,"(4, 3)",0,0,0
1716,2021,Philadelphia Flyers,"(3, 4)",0,0,0
1717,2021,Philadelphia Flyers,"(5, 3)",0,0,0
1718,2021,Philadelphia Flyers,"(3, 5)",0,0,0
1719,2021,New Jersey Devils,"(5, 5)",0,0,0
1720,2021,New Jersey Devils,"(5, 4)",0,0,0
1721,2021,New Jersey Devils,"(4, 5)",0,0,0
1722,2021,New Jersey Devils,"(4, 4)",0,0,0
1723,2021,New Jersey Devils,"(3, 3)",0,0,0
1724,2021,New Jersey Devils,"(4, 3)",0,0,0
1725,2021,New Jersey Devils,"(3, 4)",0,0,0
1726,2021,New Jersey Devils,"(5, 3)",0,0,0
1727,2021,New Jersey Devils,"(3, 5)",0,0,0
